"","Dolphin.ID","Dolphin.Name","Sex","Mother.ID","Haplotype","Birth.Date","Birth.Date.Primary.Assigner","Birth.Date.Accuracy","Death.Date","Death.Date.Primary.Assigner","Death.Date.Accuracy","NextCalfBDay","NextCalfBDayAccuracy","NextCalfName","NextCalfID","NextCalfBDayAssigner","Mom.Name","MomBDay","MomDDay","CalfAgeDeath","MomAgeBirth","TimeToNextBirth","DeathMonth","Season"
"1","PER","PERIWINKLE","MALE","ALG","E",1989-12-01,"JM","MONTH ESTIMATE",1990-08-31,"JM","WEEK ESTIMATE",1991-10-25,"DAY ESTIMATE","OYSTER","OYS","JM","ALGAE",1969-11-01,2004-05-01,273,7335,420,8,0
"2","EDN","EDNA","UNKNOWN","ALT",NA,2014-10-15,"JM","WEEK ESTIMATE",2014-12-07,"MMW","DAY ESTIMATE",2016-02-15,"MONTH ESTIMATE","ODYSSEY","ODY","VF","ALTHEA",1988-11-01,NA,53,9479,435,12,1
"3","ADI","ADIA",NA,"ALT",NA,2020-11-20,"JM","WEEK ESTIMATE",2021-02-01,"VF","MONTH ESTIMATE",2022-04-30,"WEEK ESTIMATE","ETHEL","ETH","JM","ALTHEA",1988-11-01,NA,73,11707,453,2,0
"4","CNC","CANCER",NA,"ARI",NA,2003-11-01,"MK","MONTH ESTIMATE",2004-07-11,"JM","DAY ESTIMATE",2005-11-01,"MONTH ESTIMATE","PISCES","PSC","EK","ARIES",1991-11-01,NA,253,4383,478,7,0
"5","GEM","GEMINI","UNKNOWN","ARI",NA,2012-03-01,"EK","MONTH ESTIMATE",2013-03-03,"JM","MONTH ESTIMATE",NA,NA,NA,NA,NA,"ARIES",1991-11-01,NA,367,7426,NA,3,0
"6","MLA","MILA",NA,"ASN","H",2018-12-10,"JM","DAY ESTIMATE",2019-03-01,"JM","MONTH ESTIMATE",2020-10-01,"MONTH ESTIMATE","TATE","TTE","JM","ASHTON",2004-01-01,2021-05-01,81,5457,580,3,0
"7","TTE","TATE",NA,"ASN","H",2020-10-01,"JM","MONTH ESTIMATE",2021-05-01,"MHM","MONTH ESTIMATE",NA,NA,NA,NA,NA,"ASHTON",2004-01-01,2021-05-01,212,6118,NA,5,0
"8","ATL","ATLAS","UNKNOWN","ATH","E",2009-10-21,"MAS","WEEK ESTIMATE",2010-03-17,"SAS","MONTH ESTIMATE",2011-10-20,"DAY ESTIMATE","PERSEPHONE","PSP","EK","ATHENA",1985-11-01,NA,147,8755,582,3,0
"9","CPT","CAPOTE","UNKNOWN","ATW",NA,2014-10-01,"JM","WEEK ESTIMATE",2014-12-06,"CBK","WEEK ESTIMATE",2021-11-01,"MONTH ESTIMATE","OFFRED","OFR","JM","ATWOOD",1984-11-01,NA,66,10926,2522,12,1
"10","OFR","OFFRED",NA,"ATW",NA,2021-11-01,"JM","MONTH ESTIMATE",2022-05-06,"JM","WEEK ESTIMATE",NA,NA,NA,NA,NA,"ATWOOD",1984-11-01,NA,186,13514,NA,5,0
"11","SOK","SPOOK",NA,"BAD","E",2002-10-20,"JJW","WEEK ESTIMATE",2003-12-30,"JM","MONTH ESTIMATE",2005-05-01,"MONTH ESTIMATE","GHOUL","GHL","RCC","BADGHOST",1982-11-01,NA,436,7293,488,12,1
"12","SEN","SEANCE","UNKNOWN","BAD","E",2009-10-15,"MAS","WEEK ESTIMATE",2010-03-17,"SAS","MONTH ESTIMATE",2011-09-12,"DAY ESTIMATE","YETI","YTI","JM","BADGHOST",1982-11-01,NA,153,9845,544,3,0
"13","YTI","YETI","UNKNOWN","BAD","E",2011-09-12,"JM","DAY ESTIMATE",2013-01-28,"JM","MONTH ESTIMATE",2018-12-01,"WEEK ESTIMATE","SPECTER","SPR","EK","BADGHOST",1982-11-01,NA,504,10542,2133,1,1
"14","SPR","SPECTER",NA,"BAD","E",2018-12-01,"EK","WEEK ESTIMATE",2019-05-04,"JM","MONTH ESTIMATE",NA,NA,NA,NA,NA,"BADGHOST",1982-11-01,NA,154,13179,NA,5,0
"15","GLD","GOLDEE",NA,"BEA",NA,1981-11-01,"AFR","MONTH ESTIMATE",1982-05-01,"JM","MONTH ESTIMATE",NA,NA,NA,NA,NA,"BEAUTIFUL",1963-11-01,1982-06-01,181,6575,NA,5,0
"16","TRC","TRISCUIT",NA,"BIS","E",1992-11-01,"JM","MONTH ESTIMATE",1994-07-02,"JM","MONTH ESTIMATE",1996-11-01,"MONTH ESTIMATE","BAGEL","BAG","JM","BISCUIT",1965-11-01,2007-05-01,608,9862,853,7,0
"17","DRO","DRONE","MALE","BLI","E",1988-11-01,"JM","WEEK ESTIMATE",1990-06-25,"JM","WEEK ESTIMATE",1993-12-01,"MONTH ESTIMATE","RIPLEY","RIP","JM","BLIP",1970-11-01,2020-05-01,601,6575,1255,6,0
"18","BLP","BLOOPER","UNKNOWN","BLI","E",2012-08-23,"JM","DAY ESTIMATE",2013-02-06,"JM","MONTH ESTIMATE",NA,NA,NA,NA,NA,"BLIP",1970-11-01,2020-05-01,167,15271,NA,2,0
"19","DOA","DOONA","UNKNOWN","BLK","A",2011-11-22,"EK","DAY ESTIMATE",2012-04-13,"SAS","MONTH ESTIMATE",2013-08-01,"WEEK ESTIMATE","SNUGGIE","SGG","MMW","BLANKIE",1996-11-01,NA,143,5499,475,4,0
"20","WAP","WASP","UNKNOWN","BMB",NA,2010-10-04,"EK","DAY ESTIMATE",2011-03-26,"JM","MONTH ESTIMATE",2013-02-14,"MONTH ESTIMATE","HORNET","HNT","JM","BUMBLEBEE",1980-11-01,2017-05-01,173,10929,691,3,0
"21","QSR","QUASAR","UNKNOWN","BMN",NA,2010-01-01,"JM","MONTH ESTIMATE",2011-02-06,"JM","MONTH ESTIMATE",2012-11-01,"MONTH ESTIMATE","WYNKOOP","WYK","JM","BLUEMOON",1991-11-01,NA,401,6636,634,2,0
"22","WYK","WYNKOOP","UNKNOWN","BMN",NA,2012-11-01,"JM","MONTH ESTIMATE",2013-12-31,"JM","MONTH ESTIMATE",2021-12-01,"MONTH ESTIMATE","CORONA","CNA","VF","BLUEMOON",1991-11-01,NA,425,7671,2892,12,1
"23","CNA","CORONA",NA,"BMN",NA,2021-12-01,"VF","MONTH ESTIMATE",2023-01-12,"VF","MONTH ESTIMATE",NA,NA,NA,NA,NA,"BLUEMOON",1991-11-01,NA,407,10988,NA,1,1
"24","POG","POGO","MALE","BNG","H",2014-10-06,"JM","WEEK ESTIMATE",2015-08-27,"JM","DAY ESTIMATE",2017-11-07,"WEEK ESTIMATE","FLEX","FLE","CBK","BUNGIE",2000-11-01,2019-05-01,325,5087,803,8,0
"25","BUN","BUN",NA,"BRE","A",1995-11-01,"JM","MONTH ESTIMATE",1996-11-22,"JM","MONTH ESTIMATE",1998-03-01,"MONTH ESTIMATE","BREKI","BRK","JM","BREAD",1977-11-01,NA,387,6574,464,11,1
"26","BGT","BAGUETTE","UNKNOWN","BRE","A",2013-09-01,"EK","WEEK ESTIMATE",2014-04-11,"JM","MONTH ESTIMATE",2019-11-01,"DAY ESTIMATE","BRICOLE","BCE","MHM","BREAD",1977-11-01,NA,222,13088,2030,4,0
"27","BCE","BRICOLE",NA,"BRE","A",2019-11-01,"MHM","DAY ESTIMATE",2019-11-24,"MHM","WEEK ESTIMATE",2021-11-01,"MONTH ESTIMATE","BRIOCHE","BIC","VF","BREAD",1977-11-01,NA,23,15340,708,11,1
"28","BOZ","BONZER","UNKNOWN","BSS","A",2015-11-08,"JM","DAY ESTIMATE",2016-01-10,"JM","DAY ESTIMATE",2017-01-31,"DAY ESTIMATE","DIVINE","DIV","CCC","BLISS",1998-12-12,2019-07-26,63,6175,387,1,1
"29","DIV","DIVINE","UNKNOWN","BSS","A",2017-01-31,"CCC","DAY ESTIMATE",2017-04-14,"EK","WEEK ESTIMATE",2018-10-27,"DAY ESTIMATE","BADABING","BDA","TCC","BLISS",1998-12-12,2019-07-26,73,6625,561,4,0
"30","BDA","BADABING","FEMALE","BSS","A",2018-10-27,"TCC","DAY ESTIMATE",2019-04-07,"JM","DAY ESTIMATE",NA,NA,NA,NA,NA,"BLISS",1998-12-12,2019-07-26,162,7259,NA,4,0
"31","SWL","SWELL",NA,"BUL",NA,1988-11-01,"JM","MONTH ESTIMATE",1991-09-03,"JM","MONTH ESTIMATE",1992-11-01,"MONTH ESTIMATE","BLOAT","BLT","JM","BULGE",1972-11-01,2003-05-01,1036,5844,425,9,1
"32","BLT","BLOAT",NA,"BUL",NA,1992-11-01,"JM","MONTH ESTIMATE",1993-10-04,NA,"MONTH ESTIMATE",1997-11-01,"MONTH ESTIMATE","SURGE","SRG","CF","BULGE",1972-11-01,2003-05-01,337,7305,1489,10,1
"33","SRG","SURGE",NA,"BUL",NA,1997-11-01,"CF","MONTH ESTIMATE",1998-03-20,"JM","MONTH ESTIMATE",2000-10-28,"WEEK ESTIMATE","BURST","BST","RW","BULGE",1972-11-01,2003-05-01,139,9131,953,3,0
"34","BOS","BOSTON",NA,"BYT","H",2000-10-01,"RW","WEEK ESTIMATE",2002-01-07,"JM","MONTH ESTIMATE",2003-11-18,"WEEK ESTIMATE","MEGABYTE","MEG","JM","BYTFLUKE",1972-11-01,NA,463,10196,680,1,1
"35","MEG","MEGABYTE",NA,"BYT","H",2003-11-18,"JM","WEEK ESTIMATE",2005-05-13,"JM","MONTH ESTIMATE",2008-12-01,"WEEK ESTIMATE","GOOGLE","GGL","JM","BYTFLUKE",1972-11-01,NA,542,11339,1298,5,0
"36","CLD","COOLIDGE",NA,"CAL","H",1997-12-01,"MRH","MONTH ESTIMATE",1999-05-01,"JM","MONTH ESTIMATE",NA,NA,NA,NA,NA,"CALVIN",1982-11-01,1999-05-01,516,5509,NA,5,0
"37","LSD","LEAFY SEADRAGON",NA,"CLO","E",2019-01-01,"JM","WEEK ESTIMATE",2019-12-07,"JM","MONTH ESTIMATE",2021-01-01,"MONTH ESTIMATE","CUTTLEFISH","CTL","JM","CLOWNFISH",1992-11-01,NA,340,9557,391,12,1
"38","CTL","CUTTLEFISH",NA,"CLO","E",2021-01-01,"JM","MONTH ESTIMATE",2022-12-11,"VF","MONTH ESTIMATE",NA,NA,NA,NA,NA,"CLOWNFISH",1992-11-01,NA,709,10288,NA,12,1
"39","SMK","SHAMROCK","UNKNOWN","CLV","A",2016-11-01,"JM","MONTH ESTIMATE",2018-03-02,"JM","MONTH ESTIMATE",2020-11-01,"MONTH ESTIMATE","ALFALFA","ALF","VF","CLOVER",1996-11-01,NA,486,7305,975,3,0
"40","TLN","TALON","UNKNOWN","CLW",NA,2013-11-01,"JM","MONTH ESTIMATE",2015-04-26,"JM","MONTH ESTIMATE",NA,NA,NA,NA,NA,"CLAW",1991-11-01,NA,541,8036,NA,4,0
"41","BEY","BEYONCE","UNKNOWN","COI","D",2017-01-01,"EK","WEEK ESTIMATE",2017-03-01,"EK","MONTH ESTIMATE",2018-11-15,"MONTH ESTIMATE","MINAJ","MNJ","EK","COOLIO",1999-11-01,NA,59,6271,624,3,0
"42","MNJ","MINAJ","UNKNOWN","COI","D",2018-11-15,"EK","MONTH ESTIMATE",2019-03-31,"JM","MONTH ESTIMATE",2020-11-01,"MONTH ESTIMATE","CARDI B","CIB","VF","COOLIO",1999-11-01,NA,136,6954,581,3,0
"43","STL","STALLION",NA,"COL",NA,1997-11-01,"JM","MONTH ESTIMATE",1998-01-02,"JM","WEEK ESTIMATE",2000-11-01,"MONTH ESTIMATE","CIGAR","CIG","JM","COLT",1983-11-01,2005-05-01,62,5114,1034,1,1
"44","CIG","CIGAR","UNKNOWN","COL",NA,2000-11-01,"JM","MONTH ESTIMATE",2001-10-01,"JM","MONTH ESTIMATE",2002-11-01,"MONTH ESTIMATE","SEABISCUIT","SEB","LAB","COLT",1983-11-01,2005-05-01,334,6210,396,10,1
"45","AOV","ALOE VERA","UNKNOWN","COP","A",2014-11-01,"EK","WEEK ESTIMATE",2016-01-11,"JM","MONTH ESTIMATE",2023-11-01,"MONTH ESTIMATE","ZINC","ZNC","CCC","COPPERTONE",2001-11-01,NA,436,4748,2851,1,1
"46","GOA","GOALIE",NA,"COR","A",2008-11-05,"JM","WEEK ESTIMATE",2009-05-11,"JM","MONTH ESTIMATE",2010-09-23,"DAY ESTIMATE","OFFSIDE","OFS","EK","CORNER",1990-10-01,2011-05-01,187,6610,500,5,0
"47","OFS","OFFSIDE","UNKNOWN","COR","A",2010-09-23,"EK","DAY ESTIMATE",2011-05-01,NA,"MONTH ESTIMATE",NA,NA,NA,NA,NA,"CORNER",1990-10-01,2011-05-01,220,7297,NA,5,0
"48","PII","PII",NA,"COS",NA,1989-12-01,"JM","MONTH ESTIMATE",1990-07-07,"JM","MONTH ESTIMATE",1992-10-01,"WEEK ESTIMATE","OBTUSE","OBS","JM","COSINE",1962-11-01,1995-11-01,218,9892,817,7,0
"49","OBS","OBTUSE",NA,"COS",NA,1992-10-01,"JM","WEEK ESTIMATE",1993-02-26,NA,"MONTH ESTIMATE",NA,NA,NA,NA,NA,"COSINE",1962-11-01,1995-11-01,148,10927,NA,2,0
"50","FUD","FUDGE","MALE","CRO","E",1986-11-01,"JM","MONTH ESTIMATE",1987-04-05,"RAS","DAY ESTIMATE",1988-10-06,"DAY ESTIMATE","COOKIE","COO","RCC","CROOKEDFIN",1960-11-01,1992-05-08,155,9496,550,4,0
"51","TFC","TRAFFIC","UNKNOWN","CRS","A",2009-03-01,"JM","MONTH ESTIMATE",2010-03-21,"SAS","MONTH ESTIMATE",NA,NA,NA,NA,NA,"CRASH",1991-11-01,NA,385,6330,NA,3,0
"52","TWL","TWIRLY","UNKNOWN","CUR","D",2012-10-07,"EK","DAY ESTIMATE",2013-04-29,"JM","MONTH ESTIMATE",2015-02-15,"WEEK ESTIMATE","CORKSCREW","CRK","EK","CURLY",1983-11-01,NA,204,10568,657,4,0
"53","RGL","RINGLET",NA,"CUR","D",2021-11-01,"VF","MONTH ESTIMATE",2023-07-13,"MMQ","MONTH ESTIMATE",NA,NA,NA,NA,NA,"CURLY",1983-11-01,NA,619,13880,NA,7,0
"54","PNC","PINOCCHIO",NA,"CYR",NA,2001-12-01,"RCC","MONTH ESTIMATE",2002-12-17,"JM","MONTH ESTIMATE",2009-01-03,"DAY ESTIMATE","CLEOPATRA","CLE","CCC","CYRANO",1989-11-01,NA,381,4413,2209,12,1
"55","CYU","CYRUS","UNKNOWN","CYR",NA,2016-12-01,"EK","WEEK ESTIMATE",2017-04-27,"JM","WEEK ESTIMATE",2018-12-01,"WEEK ESTIMATE","CASANOVA","CSA","JM","CYRANO",1989-11-01,NA,147,9892,583,4,0
"56","CSA","CASANOVA","UNKNOWN","CYR",NA,2018-12-01,"JM","WEEK ESTIMATE",2019-05-01,"VF","WEEK ESTIMATE",NA,NA,NA,NA,NA,"CYRANO",1989-11-01,NA,151,10622,NA,5,0
"57","QNC","QUENCH",NA,"DCH","A",2023-11-02,"MMQ","DAY ESTIMATE",2024-02-28,"CCC","WEEK ESTIMATE",NA,NA,NA,NA,NA,"DRENCH",2011-02-15,NA,118,4643,NA,2,0
"58","DDO","DODO",NA,"DEM","H",2020-11-15,"JM","WEEK ESTIMATE",2021-06-19,"VF","MONTH ESTIMATE",2023-11-02,"DAY ESTIMATE","DULCE","DUL","MMQ","DEMI",1986-11-01,NA,216,12433,866,6,0
"59","DOO","DOODLE",NA,"DID","H",1997-12-15,"MRH","MONTH ESTIMATE",1998-05-05,"JM","MONTH ESTIMATE",2000-01-01,"MONTH ESTIMATE","FIDDLE","FDD","JM","DIDDLE",1972-11-01,2007-05-01,141,9175,606,5,0
"60","FDD","FIDDLE",NA,"DID","H",2000-01-01,"JM","MONTH ESTIMATE",2000-05-13,"JM","DAY ESTIMATE",2002-11-02,"WEEK ESTIMATE","DABBLE","DAB","CF","DIDDLE",1972-11-01,2007-05-01,133,9922,903,5,0
"61","DAB","DABBLE",NA,"DID","H",2002-11-02,"CF","WEEK ESTIMATE",2003-01-27,"JM","MONTH ESTIMATE",2005-11-20,"WEEK ESTIMATE","PUDDLE","PUD","JM","DIDDLE",1972-11-01,2007-05-01,86,10958,1028,1,1
"62","PUD","PUDDLE",NA,"DID","H",2005-11-20,"JM","WEEK ESTIMATE",2006-03-22,"JM","MONTH ESTIMATE",NA,NA,NA,NA,NA,"DIDDLE",1972-11-01,2007-05-01,122,12072,NA,3,0
"63","DKE","DUKE","UNKNOWN","DUC","E",2009-12-15,"JM","MONTH ESTIMATE",2010-07-26,"SAS","MONTH ESTIMATE",2013-02-15,"MONTH ESTIMATE","MARQUIS","MRQ","JM","DUCHESS",1993-12-22,NA,223,5837,935,7,0
"64","MRQ","MARQUIS","UNKNOWN","DUC","E",2013-02-15,"JM","MONTH ESTIMATE",2015-03-20,"JM","MONTH ESTIMATE",NA,NA,NA,NA,NA,"DUCHESS",1993-12-22,NA,763,6995,NA,3,0
"65","EIN","EINSTEIN",NA,"DUN",NA,2004-10-10,"MRH","DAY ESTIMATE",2005-04-08,"JM","WEEK ESTIMATE",2010-04-15,"WEEK ESTIMATE","KLUTZ","KTZ","EMP","DUNCE",1982-11-01,2010-07-01,180,8014,1833,4,0
"66","KTZ","KLUTZ","UNKNOWN","DUN",NA,2010-04-15,"EMP","WEEK ESTIMATE",2010-07-01,"JM","WEEK ESTIMATE",NA,NA,NA,NA,NA,"DUNCE",1982-11-01,2010-07-01,77,10027,NA,7,0
"67","DUM","DUMBO","UNKNOWN","DUR",NA,2009-12-01,"JM","MONTH ESTIMATE",2010-07-17,"JM","MONTH ESTIMATE",2011-11-21,"DAY ESTIMATE","DEUCE","DEU","EK","DURAK",1998-11-01,2019-05-01,228,4048,492,7,0
"68","ROG","ROGERS",NA,"DUU",NA,2000-11-01,"RCC","MONTH ESTIMATE",2002-05-20,"EK","MONTH ESTIMATE",NA,NA,NA,NA,NA,"DOUBLEYOU",1979-11-01,2008-05-01,565,7671,NA,5,0
"69","HLD","HOLIDAY","UNKNOWN","EDE","E",2015-12-19,"JM","DAY ESTIMATE",2016-03-27,"CCC","DAY ESTIMATE",2019-02-04,"DAY ESTIMATE","SUMMER","SMM","DIC","EDEN",2003-11-19,NA,99,4413,1044,3,0
"70","GRD","GREEDY",NA,"EED","D",2003-11-01,"JM","MONTH ESTIMATE",2004-10-12,"JM","DAY ESTIMATE",2005-11-01,"MONTH ESTIMATE","PEEWEE","PWE","JM","EED",1974-11-01,2018-05-01,346,10592,385,10,1
"71","MTC","MATCHA",NA,"ESP","E",2022-10-17,"ERJ","DAY ESTIMATE",2023-02-02,"VF","MONTH ESTIMATE",2024-10-08,"DAY ESTIMATE","CAPPUCCINO","CPC","MMQ","ESPRESSO",1991-11-01,NA,108,11308,614,2,0
"72","TUB","TUBBY",NA,"FAT","A",1985-01-01,"RAS","MONTH ESTIMATE",1985-07-13,"JM","DAY ESTIMATE",1991-12-15,"MONTH ESTIMATE","OBE","OBE","JM","FATFIN",1972-11-01,2005-05-01,193,4444,2346,7,0
"73","OBE","OBE",NA,"FAT","A",1991-12-15,"JM","MONTH ESTIMATE",1992-03-27,"JM","MONTH ESTIMATE",1993-11-01,"WEEK ESTIMATE","HUCKLEBERRY","HCK","JM","FATFIN",1972-11-01,2005-05-01,103,6983,584,3,0
"74","HCK","HUCKLEBERRY",NA,"FAT","A",1993-11-01,"JM","WEEK ESTIMATE",1994-02-07,"JM","DAY ESTIMATE",1996-10-06,"DAY ESTIMATE","TWIGGY","TWG","KH","FATFIN",1972-11-01,2005-05-01,98,7670,972,2,0
"75","TWG","TWIGGY",NA,"FAT","A",1996-10-06,"KH","DAY ESTIMATE",1997-06-20,"JM","WEEK ESTIMATE",1999-11-03,"DAY ESTIMATE","BLUBBY","BBB","DIC","FATFIN",1972-11-01,2005-05-01,257,8740,866,6,0
"76","BBB","BLUBBY",NA,"FAT","A",1999-11-03,"DIC","DAY ESTIMATE",2000-01-04,"JM","DAY ESTIMATE",NA,NA,NA,NA,NA,"FATFIN",1972-11-01,2005-05-01,62,9863,NA,1,1
"77","FLT","FLOAT",NA,"FLI","E",2003-10-11,"JJW","DAY ESTIMATE",2003-10-12,"JJW","DAY ESTIMATE",2004-12-01,"MONTH ESTIMATE","FRODO","FDO","QAG","FLIP",1983-11-01,2008-07-23,1,7284,416,10,1
"78","FDO","FRODO",NA,"FLI","E",2004-12-01,"QAG","MONTH ESTIMATE",2005-06-13,"JM","WEEK ESTIMATE",2008-01-12,"DAY ESTIMATE","FLY","FLY","JM","FLIP",1983-11-01,2008-07-23,194,7701,943,6,0
"79","FLY","FLY","MALE","FLI","E",2008-01-12,"JM","DAY ESTIMATE",2008-07-23,"EK","DAY ESTIMATE",NA,NA,NA,NA,NA,"FLIP",1983-11-01,2008-07-23,193,8838,NA,7,0
"80","PHS","PHOSPHORESCENCE","UNKNOWN","FOA",NA,2014-10-15,"JM","WEEK ESTIMATE",2015-02-27,"JM","MONTH ESTIMATE",2017-11-01,"MONTH ESTIMATE","FIZZY","FZZ","JM","FOAM",1989-11-01,NA,135,9114,978,2,0
"81","BLL","BALL",NA,"FOO",NA,2003-11-01,"JM","MONTH ESTIMATE",2003-12-01,"JM","MONTH ESTIMATE",2005-02-01,"MONTH ESTIMATE","BOUNCE","BOU","JM","FOOTIE",1971-11-01,2016-05-01,30,11688,428,12,1
"82","BOU","BOUNCE",NA,"FOO",NA,2005-02-01,"JM","MONTH ESTIMATE",2005-12-30,"JM","MONTH ESTIMATE",2007-02-01,"WEEK ESTIMATE","FEVER","FEV","CCC","FOOTIE",1971-11-01,2016-05-01,332,12146,398,12,1
"83","IGO","IGOR",NA,"FRA","A",1996-12-01,"KH","MONTH ESTIMATE",1997-11-30,"JM","MONTH ESTIMATE",2003-12-15,"MONTH ESTIMATE","SWAMPTHANG","SWT","QAG","FRANKENFIN",1974-11-01,2012-05-01,364,8066,2206,11,1
"84","SWT","SWAMPTHANG",NA,"FRA","A",2003-12-15,"QAG","MONTH ESTIMATE",2006-02-03,"JM","MONTH ESTIMATE",2007-09-01,"MONTH ESTIMATE","HYDE","HDE","EK","FRANKENFIN",1974-11-01,2012-05-01,781,10636,575,2,0
"85","HDE","HYDE",NA,"FRA","A",2007-09-01,"EK","MONTH ESTIMATE",2009-01-28,NA,"MONTH ESTIMATE",NA,NA,NA,NA,NA,"FRANKENFIN",1974-11-01,2012-05-01,515,11992,NA,1,1
"86","MRJ","MARJORY",NA,"FRG",NA,2019-02-01,"VF","MONTH ESTIMATE",2020-02-04,"VF","MONTH ESTIMATE",2021-11-01,"MONTH ESTIMATE","GORG","GOG","JM","FRAGGELROCK",1997-11-01,NA,368,7762,636,2,0
"87","FRC","FROLIC","UNKNOWN","FRL","E",2016-11-01,"JM","MONTH ESTIMATE",2019-01-09,"JM","MONTH ESTIMATE",2021-09-01,"MONTH ESTIMATE","FOSSEY","FSS","VF","FRILLY",1995-11-01,NA,799,7671,966,1,1
"88","FRD","FRIDA","UNKNOWN","GAB","E",2013-10-21,"JM","DAY ESTIMATE",2014-03-14,"EK","MONTH ESTIMATE",2015-10-25,"DAY ESTIMATE","MANU","MNU","EK","GABRIELLA",1990-11-01,NA,144,8390,590,3,0
"89","MNU","MANU","UNKNOWN","GAB","E",2015-10-25,"EK","DAY ESTIMATE",2016-02-02,"JM","MONTH ESTIMATE",2024-09-15,"DAY ESTIMATE","SHARPAY","SAY","MMQ","GABRIELLA",1990-11-01,NA,100,9124,3148,2,0
"90","MFS","MAFIOSO",NA,"GAN",NA,2022-11-01,"VF","MONTH ESTIMATE",2024-03-16,"VF","MONTH ESTIMATE",NA,NA,NA,NA,NA,"GANGSTA",2004-10-15,NA,501,6591,NA,3,0
"91","TUT","ARCHBISHOP DESMOND TUTU",NA,"GHA","F",2004-03-01,"QAG","WEEK ESTIMATE",2004-06-07,"JM","MONTH ESTIMATE",NA,NA,NA,NA,NA,"GHANDI",1971-11-01,2007-05-01,98,11809,NA,6,0
"92","CIM","CRIMP","UNKNOWN","GMP","H",2012-11-01,"JM","MONTH ESTIMATE",2013-03-15,"JM","MONTH ESTIMATE",2014-01-01,"WEEK ESTIMATE","SHRIMP","SHR","JM","GIMP",1997-11-01,NA,134,5479,292,3,0
"93","GRM","GREMLIN",NA,"GOB","E",1999-11-01,"JM","MONTH ESTIMATE",2000-07-12,"JM","MONTH ESTIMATE",NA,NA,NA,NA,NA,"GOBLIN",1979-11-01,2002-05-01,254,7305,NA,7,0
"94","GHD","GHIRARDELLI","UNKNOWN","GOD","A",2012-11-01,"JM","MONTH ESTIMATE",2014-01-11,"JM","MONTH ESTIMATE",NA,NA,NA,NA,NA,"GODIVA",1982-11-01,2019-12-15,436,10958,NA,1,1
"95","FCY","FANCY",NA,"GRV","D",2020-10-15,"JM","WEEK ESTIMATE",2021-09-30,"VF","MONTH ESTIMATE",NA,NA,NA,NA,NA,"GROOVY",1980-11-01,NA,350,14593,NA,9,1
"96","HIP","HIPPIE",NA,"HAL","H",1992-11-15,"JM","WEEK ESTIMATE",1993-12-09,"JM","MONTH ESTIMATE",1995-11-01,"MONTH ESTIMATE","HALFPINT","HPT","JM","HALFLUKE",1965-11-01,1998-05-01,389,9876,692,12,1
"97","HPT","HALFPINT",NA,"HAL","H",1995-11-01,"JM","MONTH ESTIMATE",1997-01-15,"JM","WEEK ESTIMATE",NA,NA,NA,NA,NA,"HALFLUKE",1965-11-01,1998-05-01,441,10957,NA,1,1
"98","OPH","OPHELIA",NA,"HAM","A",2001-11-15,"JJW","MONTH ESTIMATE",2003-03-08,"JM","MONTH ESTIMATE",2004-08-01,"WEEK ESTIMATE","POLONIUS","PLN","JM","HAMLET",1990-11-27,2009-05-01,478,4006,512,3,0
"99","PLN","POLONIUS",NA,"HAM","A",2004-08-01,"JM","WEEK ESTIMATE",2005-08-17,"JM","DAY ESTIMATE",NA,NA,NA,NA,NA,"HAMLET",1990-11-27,2009-05-01,381,4996,NA,8,0
"100","MMB","MALMESBURY","UNKNOWN","HBB","C",2010-10-15,"JM","MONTH ESTIMATE",2013-02-05,"JM","MONTH ESTIMATE",NA,NA,NA,NA,NA,"HOBBES",1981-11-01,2017-05-01,844,10575,NA,2,0
"101","HUG","HUGS","MALE","HFF","A",2019-11-20,"JM","DAY ESTIMATE",2021-04-26,"VF","MONTH ESTIMATE",2022-06-01,"DAY ESTIMATE","CHUTZPAH","CTZ","VF","HUFF",2005-12-10,NA,523,5093,401,4,0
"102","HUC","HUCKSTER",NA,"HOH","A",1986-11-01,"JM","MONTH ESTIMATE",1989-03-25,"JM","MONTH ESTIMATE",1990-11-27,"DAY ESTIMATE","HAMLET","HAM","KAW","HOLEYHOLE",1965-11-01,2001-05-01,875,7670,612,3,0
"103","MOL","MOLEY","FEMALE","HOH","A",1995-11-01,"JM","MONTH ESTIMATE",1997-03-01,"JM","WEEK ESTIMATE",NA,NA,NA,NA,NA,"HOLEYHOLE",1965-11-01,2001-05-01,486,10957,NA,3,0
"104","KOO","KOORDA","MALE","HOL","A",1988-12-11,"DIC","DAY ESTIMATE",1989-01-22,"DIC","DAY ESTIMATE",1990-02-01,"WEEK ESTIMATE","NEVERSEEN","NVS","JM","HOLEYFIN",1960-11-01,1995-07-26,42,10267,375,1,1
"105","NVS","NEVERSEEN",NA,"HOL","A",1990-02-01,"JM","WEEK ESTIMATE",1990-02-18,"JM","WEEK ESTIMATE",1991-09-03,"DAY ESTIMATE","NOVA","NOV","JM","HOLEYFIN",1960-11-01,1995-07-26,17,10684,562,2,0
"106","NOV","NOVA","FEMALE","HOL","A",1991-09-03,"JM","DAY ESTIMATE",1992-03-25,"DIC","DAY ESTIMATE",1993-11-27,"DAY ESTIMATE","HOBBIT","HBT","DIC","HOLEYFIN",1960-11-01,1995-07-26,204,11263,612,3,0
"107","HBT","HOBBIT","FEMALE","HOL","A",1993-11-27,"DIC","DAY ESTIMATE",1994-03-19,"JM","DAY ESTIMATE",NA,NA,NA,NA,NA,"HOLEYFIN",1960-11-01,1995-07-26,112,12079,NA,3,0
"108","HRU","HERCULES",NA,"HRA","C",2006-03-01,"JM","MONTH ESTIMATE",2006-07-29,"SAS","WEEK ESTIMATE",2008-07-08,"WEEK ESTIMATE","HADES","HDS","JM","HERA",1973-11-01,2017-05-01,150,11808,710,7,0
"109","HDS","HADES",NA,"HRA","C",2008-07-08,"JM","WEEK ESTIMATE",2009-01-22,NA,"MONTH ESTIMATE",2010-09-03,"WEEK ESTIMATE","HESTIA","HES","JM","HERA",1973-11-01,2017-05-01,198,12668,589,1,1
"110","NHU","NIHAU",NA,"HUL","A",1992-12-01,"JM","MONTH ESTIMATE",1993-12-15,NA,"MONTH ESTIMATE",1999-10-01,"WEEK ESTIMATE","HOOP","HOP","JM","HULA",1980-11-01,2008-05-01,379,4413,2116,12,1
"111","HOP","HOOP",NA,"HUL","A",1999-10-01,"JM","WEEK ESTIMATE",2000-02-05,"JM","MONTH ESTIMATE",2005-11-01,"MONTH ESTIMATE","OAHU","OAH","JM","HULA",1980-11-01,2008-05-01,127,6908,2096,2,0
"112","OAH","OAHU",NA,"HUL","A",2005-11-01,"JM","MONTH ESTIMATE",2006-07-18,"SAS","WEEK ESTIMATE",NA,NA,NA,NA,NA,"HULA",1980-11-01,2008-05-01,259,9131,NA,7,0
"113","SOL","SOLONG",NA,"HYM","A",1991-03-15,"AFR","WEEK ESTIMATE",1991-05-29,"JM","MONTH ESTIMATE",1992-12-15,"WEEK ESTIMATE","TAHTAH","TTH","JM","HYMIE",1963-11-01,1995-05-01,75,9996,566,5,0
"114","JBN","JAWBONE","UNKNOWN","JAB",NA,2001-06-01,"JM","MONTH ESTIMATE",2002-06-01,"JM","MONTH ESTIMATE",2003-08-01,"WEEK ESTIMATE","JAWBREAKER","JWB","RCC","JABBERJAW",1976-11-01,2008-05-01,365,8978,426,6,0
"115","JWB","JAWBREAKER",NA,"JAB",NA,2003-08-01,"RCC","WEEK ESTIMATE",2004-06-03,"JM","MONTH ESTIMATE",NA,NA,NA,NA,NA,"JABBERJAW",1976-11-01,2008-05-01,307,9769,NA,6,0
"116","KOR","KORAL","UNKNOWN","JAS","A",2014-03-06,"JM","DAY ESTIMATE",2014-10-11,"JM","MONTH ESTIMATE",2018-01-01,"WEEK ESTIMATE","JAPONICA","JAP","EK","JASMINE",1979-11-01,2020-05-01,219,12544,1178,10,1
"117","JAP","JAPONICA","UNKNOWN","JAS","A",2018-01-01,"EK","WEEK ESTIMATE",2018-07-26,"EK","WEEK ESTIMATE",NA,NA,NA,NA,NA,"JASMINE",1979-11-01,2020-05-01,206,13941,NA,7,0
"118","BBI","BOBBIN",NA,"JFR","A",2007-08-31,"DIC","DAY ESTIMATE",2008-02-01,"JM","WEEK ESTIMATE",NA,NA,NA,NA,NA,"JOYSFRIEND",1978-11-01,2008-02-01,154,10530,NA,2,0
"119","KON","KINGSTON","UNKNOWN","JMC","D",2017-01-01,"JM","MONTH ESTIMATE",2017-12-28,"EK","MONTH ESTIMATE",2019-11-01,"MONTH ESTIMATE","KOKOMO","KKO","VF","JAMAICA",2007-11-01,NA,361,3349,673,12,1
"120","GVT","GRAVITY","UNKNOWN","JMY","H",2008-11-01,"AMK","MONTH ESTIMATE",2010-03-21,"SAS","MONTH ESTIMATE",2011-12-04,"DAY ESTIMATE","WONDERLAND","WON","EK","JOHN MAYER",1996-11-01,NA,505,4383,623,3,0
"121","JCA","JACARANDA",NA,"JNI","C",2006-11-01,"VF","MONTH ESTIMATE",2007-12-28,"JM","MONTH ESTIMATE",2008-11-01,"MONTH ESTIMATE","JARRAH","JAH","EK","JUNIPER",1982-11-01,2019-05-01,422,8766,309,12,1
"122","JMU","JUMULU","UNKNOWN","JNI","C",2012-12-15,"JM","MONTH ESTIMATE",2014-08-05,"JM","MONTH ESTIMATE",NA,NA,NA,NA,NA,"JUNIPER",1982-11-01,2019-05-01,598,11002,NA,8,0
"123","GLE","GLEE","MALE","JOY","A",2002-11-30,"SHOTOVER","DAY ESTIMATE",2005-01-24,"JM","MONTH ESTIMATE",2006-12-26,"DAY ESTIMATE","YIPEE","YIP","JM","JOY",1979-12-25,2011-05-01,786,8376,701,1,1
"124","YIP","YIPEE",NA,"JOY","A",2006-12-26,"JM","DAY ESTIMATE",2007-03-14,NA,"WEEK ESTIMATE",2008-10-17,"DAY ESTIMATE","ECSTASY","ECS","MAS","JOY",1979-12-25,2011-05-01,78,9863,583,3,0
"125","DRP","DROPLET","UNKNOWN","JUI","A",2014-12-12,"JM","DAY ESTIMATE",2014-12-20,"JM","DAY ESTIMATE",2015-12-10,"DAY ESTIMATE","DESICCATED","DSD","JM","JUICY",2001-11-01,NA,8,4789,355,12,1
"126","DSD","DESICCATED","UNKNOWN","JUI","A",2015-12-10,"JM","DAY ESTIMATE",2015-12-26,"JM","WEEK ESTIMATE",2018-12-15,"WEEK ESTIMATE","JUNGLE","JGL","JM","JUICY",2001-11-01,NA,16,5152,1085,12,1
"127","FTY","FRUITY",NA,"JUI","A",2023-11-15,"CCC","WEEK ESTIMATE",2024-04-17,"VF","MONTH ESTIMATE",NA,NA,NA,NA,NA,"JUICY",2001-11-01,NA,154,8049,NA,4,0
"128","BNO","BONO",NA,"KIT","H",2005-01-01,"QAG","MONTH ESTIMATE",2005-06-15,"JM","WEEK ESTIMATE",2007-11-01,"MONTH ESTIMATE","OSPREY","OPY","JM","KITE",1989-11-01,NA,165,5540,869,6,0
"129","KGB","KISSGOODBYE",NA,"KIY","E",2008-12-20,"JM","WEEK ESTIMATE",2008-12-22,"JM","DAY ESTIMATE",2009-12-27,"DAY ESTIMATE","KHAMUN","KHA","CCC","KIYA",1997-12-13,NA,2,4025,370,12,1
"130","KHA","KHAMUN","FEMALE","KIY","E",2009-12-27,"CCC","DAY ESTIMATE",2010-08-21,"DIC","DAY ESTIMATE",2012-11-06,"DAY ESTIMATE","WIRRIYA","WIY","DIC","KIYA",1997-12-13,NA,237,4397,808,8,0
"131","MMY","MAYA","MALE","KIY",NA,2021-12-01,"DIC","DAY ESTIMATE",2021-12-27,"DIC","DAY ESTIMATE",2023-01-19,"DAY ESTIMATE","MARU","MRU","DIC","KIYA",1997-12-13,NA,26,8754,388,12,1
"132","MRU","MARU",NA,"KIY","E",2023-01-19,"DIC","DAY ESTIMATE",2023-01-20,"DIC","DAY ESTIMATE",2024-02-27,"DAY ESTIMATE","WIGI","WGI","DIC","KIYA",1997-12-13,NA,1,9168,403,1,1
"133","WND","WINDSOR","UNKNOWN","KST","A",2003-10-01,"JM","WEEK ESTIMATE",2004-03-26,"SAS","MONTH ESTIMATE",NA,NA,NA,NA,NA,"KENSINGTON",1984-11-01,2016-05-01,177,6908,NA,3,0
"134","LOS","LOSER","UNKNOWN","LEN","A",2014-01-10,"JM","MONTH ESTIMATE",2014-03-31,"JM","DAY ESTIMATE",2015-12-01,"WEEK ESTIMATE","LIMA","LMA","JM","LENTIL",2002-02-15,2021-05-01,80,4347,610,3,0
"135","LMA","LIMA","UNKNOWN","LEN","A",2015-12-01,"JM","WEEK ESTIMATE",2016-03-13,"JM","DAY ESTIMATE",2020-10-30,"WEEK ESTIMATE","DAHL","DAH","JM","LENTIL",2002-02-15,2021-05-01,103,5037,1692,3,0
"136","DAH","DAHL",NA,"LEN","A",2020-10-30,"JM","WEEK ESTIMATE",2020-11-22,"VF","WEEK ESTIMATE",NA,NA,NA,NA,NA,"LENTIL",2002-02-15,2021-05-01,23,6832,NA,11,1
"137","LOL","LOLLY","FEMALE","LIC","A",1999-03-05,"MRH","DAY ESTIMATE",2000-02-02,"JM","MONTH ESTIMATE",2002-02-15,"WEEK ESTIMATE","LENTIL","LEN","LAB","LICK",1984-11-01,NA,334,5237,744,2,0
"138","FHY","FRENCHY","MALE","LIC","A",2014-01-01,"JM","MONTH ESTIMATE",2015-05-03,"JM","WEEK ESTIMATE",2017-11-02,"DAY ESTIMATE","SMOOCH","SMC","JM","LICK",1984-11-01,NA,487,10653,914,5,0
"139","SMC","SMOOCH","UNKNOWN","LIC","A",2017-11-02,"JM","DAY ESTIMATE",2017-11-19,"CBK","DAY ESTIMATE",2021-03-30,"WEEK ESTIMATE","GUSTO","GTO","JM","LICK",1984-11-01,NA,17,12054,1227,11,1
"140","GTO","GUSTO",NA,"LIC","A",2021-03-30,"JM","WEEK ESTIMATE",2021-07-24,"VF","MONTH ESTIMATE",2022-10-17,"DAY ESTIMATE","GELATO","GEL","DIC","LICK",1984-11-01,NA,116,13298,450,7,0
"141","SIF","SKIFF",NA,"LIF",NA,2003-11-01,"JM","MONTH ESTIMATE",2004-11-01,"JM","WEEK ESTIMATE",2005-12-01,"MONTH ESTIMATE","LANCEARMSTRONG","LNC","JM","LIF",1987-11-01,NA,366,5844,395,11,1
"142","LNC","LANCEARMSTRONG",NA,"LIF",NA,2005-12-01,"JM","MONTH ESTIMATE",2007-07-16,"JM","MONTH ESTIMATE",2012-08-19,"WEEK ESTIMATE","LEMON","LMN","EK","LIF",1987-11-01,NA,592,6605,1861,7,0
"143","NAN","NANO","UNKNOWN","LIT","E",2011-10-21,"EK","DAY ESTIMATE",2012-02-24,"SAS","MONTH ESTIMATE",2023-02-01,"WEEK ESTIMATE","PICO","PCO","VF","LITTLE",1987-11-01,NA,126,8755,3995,2,0
"144","ANA","ANAK",NA,"MER",NA,1988-11-01,"JM","WEEK ESTIMATE",1989-05-01,"JM","MONTH ESTIMATE",NA,NA,NA,NA,NA,"MERAPI",1976-11-01,1989-05-01,181,4383,NA,5,0
"145","WIN","WINNIE","UNKNOWN","MIN","A",1989-11-01,"JM","MONTH ESTIMATE",1990-07-03,"JM","WEEK ESTIMATE",1991-09-29,"DAY ESTIMATE","MOUSE","MOU","AFR","MINI",1965-11-01,2009-05-01,244,8766,453,7,0
"146","MIC","MICKEY",NA,"MIN","A",2004-01-01,"QAG","MONTH ESTIMATE",2004-04-18,"JM","WEEK ESTIMATE",NA,NA,NA,NA,NA,"MINI",1965-11-01,2009-05-01,108,13940,NA,4,0
"147","NOR","NORMA JEAN","UNKNOWN","MNM",NA,2003-11-01,"EK","MONTH ESTIMATE",2006-01-30,"EK","MONTH ESTIMATE",NA,NA,NA,NA,NA,"MARILYN MONROE",1987-11-01,2010-05-01,821,5844,NA,1,1
"148","OOP","OOPS",NA,"MOO","H",1990-11-06,"JM","DAY ESTIMATE",1991-05-07,"JM","MONTH ESTIMATE",1992-01-01,"MONTH ESTIMATE","SPECK","SPE","JM","MOOPS",1972-11-01,2017-05-01,182,6579,239,5,0
"149","MOX","MOXIE",NA,"MOO","H",2005-02-01,"JM","MONTH ESTIMATE",2005-12-11,"JM","MONTH ESTIMATE",NA,NA,NA,NA,NA,"MOOPS",1972-11-01,2017-05-01,313,11780,NA,12,1
"150","SDF","SANDFLY","UNKNOWN","MOZ","E",2011-10-21,"EK","DAY ESTIMATE",2012-04-02,"JM","MONTH ESTIMATE",NA,NA,NA,NA,NA,"MOZZIE",1977-11-01,2018-05-01,164,12407,NA,4,0
"151","SRE","SCREE","FEMALE","MRA",NA,2003-11-01,"AS","WEEK ESTIMATE",2004-04-18,"SAS","MONTH ESTIMATE",NA,NA,NA,NA,NA,"MORAINE",1979-11-01,2016-05-01,169,8766,NA,4,0
"152","JLP","JULEP",NA,"MSC",NA,2022-11-01,"VF","MONTH ESTIMATE",2023-08-01,"MMQ","WEEK ESTIMATE",NA,NA,NA,NA,NA,"MINTSLICE",1998-11-01,NA,273,8766,NA,8,0
"153","CAN","CANNIBAL",NA,"MTS","A",1999-11-15,"JM","WEEK ESTIMATE",2000-05-01,"JM","MONTH ESTIMATE",2001-09-10,"DAY ESTIMATE","CRICKET","CCK","RC","MANTIS",1974-11-01,2002-05-01,168,9145,497,5,0
"154","LCH","LUNCH",NA,"MUN","E",1984-11-01,"RAS","MONTH ESTIMATE",1987-01-03,"JM","MONTH ESTIMATE",1988-10-01,"WEEK ESTIMATE","SLURP","SLU","RCC","MUNCH",1967-11-01,2006-09-01,793,6210,637,1,1
"155","SLU","SLURP","MALE","MUN","E",1988-10-01,"RCC","WEEK ESTIMATE",1989-08-01,"JM","MONTH ESTIMATE",1990-10-01,"WEEK ESTIMATE","MAYHEM","MAY","KAW","MUNCH",1967-11-01,2006-09-01,304,7640,426,8,0
"156","MAY","MAYHEM",NA,"MUN","E",1990-10-01,"KAW","WEEK ESTIMATE",1991-03-26,"JM","MONTH ESTIMATE",1992-09-15,"MONTH ESTIMATE","BARELYEXISTED","BYX","JM","MUNCH",1967-11-01,2006-09-01,176,8370,539,3,0
"157","BYX","BARELYEXISTED",NA,"MUN","E",1992-09-15,"JM","MONTH ESTIMATE",1992-12-04,"JM","MONTH ESTIMATE",1995-12-01,"WEEK ESTIMATE","MAYBENOT","MBE","JM","MUNCH",1967-11-01,2006-09-01,80,9085,1092,12,1
"158","MBE","MAYBENOT",NA,"MUN","E",1995-12-01,"JM","WEEK ESTIMATE",1996-03-14,"JM","MONTH ESTIMATE",1999-11-15,"MONTH ESTIMATE","ALMOSTWAS","ALW","JM","MUNCH",1967-11-01,2006-09-01,104,10257,1341,3,0
"159","ALW","ALMOSTWAS",NA,"MUN","E",1999-11-15,"JM","MONTH ESTIMATE",2000-03-15,"JM","MONTH ESTIMATE",NA,NA,NA,NA,NA,"MUNCH",1967-11-01,2006-09-01,121,11702,NA,3,0
"160","CDC","COLDCASE","UNKNOWN","MYS","A",2018-11-01,"JM","MONTH ESTIMATE",2019-01-25,"JM","MONTH ESTIMATE",2020-11-01,"MONTH ESTIMATE","SUSPICION","SUS","JM","MYSTIQUE",1999-01-01,NA,85,7244,646,1,1
"161","SWA","SWALLOW",NA,"NIB","E",1991-11-01,"JM","MONTH ESTIMATE",1992-10-15,"JM","MONTH ESTIMATE",1993-12-15,"MONTH ESTIMATE","NOSH","NSH","JM","NIBBLES",1972-11-01,2009-05-01,349,6939,426,10,1
"162","NSH","NOSH",NA,"NIB","E",1993-12-15,"JM","MONTH ESTIMATE",1994-09-01,"JM","MONTH ESTIMATE",1995-11-01,"MONTH ESTIMATE","BITS","BTS","JM","NIBBLES",1972-11-01,2009-05-01,260,7714,426,9,1
"163","NPR","NIPPER","FEMALE","NIC","A",1987-11-20,"DIC","DAY ESTIMATE",1989-02-08,"DIC","DAY ESTIMATE",1990-04-16,"DAY ESTIMATE","RABBLE","RAB","JM","NICKY",1975-12-29,2015-07-06,446,4344,432,2,0
"164","NAK","NAKITA","MALE","NIC","A",1993-12-01,"DIC","DAY ESTIMATE",1994-07-11,"DIC","DAY ESTIMATE",1995-08-23,"DAY ESTIMATE","HOLIKIN","HKI","DIC","NICKY",1975-12-29,2015-07-06,222,6547,408,7,0
"165","YUL","YULE","MALE","NIC","A",2006-12-25,"DIC","DAY ESTIMATE",2007-06-18,"JM","DAY ESTIMATE",2008-08-27,"DAY ESTIMATE","NOEL","NOE","JM","NICKY",1975-12-29,2015-07-06,175,11319,436,6,0
"166","MSE","MISSEL","FEMALE","NIC","A",2012-11-10,"DIC","DAY ESTIMATE",2015-07-13,"JM","DAY ESTIMATE",NA,NA,NA,NA,NA,"NICKY",1975-12-29,2015-07-06,975,13466,NA,7,0
"167","NVL","NEVERLAND","UNKNOWN","NIR","A",2015-11-01,NA,"DAY ESTIMATE",2016-05-11,"VF","WEEK ESTIMATE",2017-12-15,"WEEK ESTIMATE","COBAIN","COB","JM","NIRVANA",2000-11-01,NA,192,5478,583,5,0
"168","BGD","BENGODI","UNKNOWN","NIR","A",2022-11-25,"ERJ","DAY ESTIMATE",2022-12-23,"CCC","WEEK ESTIMATE",NA,NA,NA,NA,NA,"NIRVANA",2000-11-01,NA,28,8059,NA,12,1
"169","EMU","EMU",NA,"NIS",NA,1990-02-15,"JM","WEEK ESTIMATE",1990-05-30,"JM","WEEK ESTIMATE",NA,NA,NA,NA,NA,"NISU",1959-11-01,1991-05-01,104,11064,NA,5,0
"170","NEM","NEMO",NA,"NIT","A",2005-01-01,"QAG","MONTH ESTIMATE",2005-06-09,"JM","WEEK ESTIMATE",NA,NA,NA,NA,NA,"NITCH",1975-11-01,2009-05-01,159,10654,NA,6,0
"171","CHP","CHIP",NA,"NOE","A",2022-01-31,"DIC","DAY ESTIMATE",2022-02-02,"CCC","DAY ESTIMATE",2023-12-14,"DAY ESTIMATE","KAI","KII","DIC","NOEL",2008-08-27,NA,2,4905,680,2,0
"172","NRL","NARLY",NA,"NOO","A",2005-11-24,"JM","WEEK ESTIMATE",2006-06-03,"JM","DAY ESTIMATE",2007-11-20,"WEEK ESTIMATE","CAVITY","CAV","JM","NOOK",1974-11-01,2014-05-01,191,11346,535,6,0
"173","CAV","CAVITY",NA,"NOO","A",2007-11-20,"JM","WEEK ESTIMATE",2008-08-13,"JM","WEEK ESTIMATE",2011-11-25,"DAY ESTIMATE","KINDLE","KDL","EK","NOOK",1974-11-01,2014-05-01,267,12072,1199,8,0
"174","KDL","KINDLE","UNKNOWN","NOO","A",2011-11-25,"EK","DAY ESTIMATE",2013-02-01,"VF","MONTH ESTIMATE",NA,NA,NA,NA,NA,"NOOK",1974-11-01,2014-05-01,434,13538,NA,2,0
"175","WLR","WALLAROO","UNKNOWN","NUM","A",2017-01-15,"JM","MONTH ESTIMATE",2018-02-25,"JM","MONTH ESTIMATE",2023-07-29,"WEEK ESTIMATE","DUNNART","DNT","MMQ","NUMBAT",1991-11-01,NA,406,9207,1980,2,0
"176","CTA","CALAMATA",NA,"OLI","A",2007-10-01,"JM","MONTH ESTIMATE",2009-04-16,"JM","MONTH ESTIMATE",2010-11-01,"MONTH ESTIMATE","BRUSCHETTA","BRS","JM","OLIVE",1979-11-01,NA,563,10196,564,4,0
"177","TPN","TAPENADE","MALE","OLI","A",2022-02-06,"MHM","WEEK ESTIMATE",2022-10-21,"VF","MONTH ESTIMATE",NA,NA,NA,NA,NA,"OLIVE",1979-11-01,NA,257,15438,NA,10,1
"178","NCC","NACHO",NA,"PDR",NA,2023-11-16,"CCC","DAY ESTIMATE",2023-11-20,"MMQ","DAY ESTIMATE",NA,NA,NA,NA,NA,"PEDRO",2006-11-01,NA,4,6224,NA,11,1
"179","OBT","ORBIT",NA,"PDX",NA,1988-11-01,"RCC","MONTH ESTIMATE",1989-05-18,"JM","WEEK ESTIMATE",NA,NA,NA,NA,NA,"POINDEXTER",1966-11-01,1995-05-01,198,8036,NA,5,0
"180","ANK","ANKLET",NA,"PEG","A",2000-11-23,"RW","DAY ESTIMATE",2001-01-11,"JM","DAY ESTIMATE",2003-01-01,"DAY ESTIMATE","STARLET","STA","AS","PEGLET",1989-11-01,2015-06-18,49,4040,720,1,1
"181","ILU","ILLUSION",NA,"PHA","A",2024-02-22,"CCC","WEEK ESTIMATE",2024-06-28,"VF","DAY ESTIMATE",NA,NA,NA,NA,NA,"PHANTOM",1986-11-01,NA,127,13627,NA,6,0
"182","PHI","PHILOS",NA,"PHO","D",2018-12-24,"JM","WEEK ESTIMATE",2020-01-20,"VF","MONTH ESTIMATE",2021-11-01,"WEEK ESTIMATE","PHORCYS","PHR","VF","PHOEBE",2000-11-01,NA,392,6627,651,1,1
"183","HAP","HARP","UNKNOWN","PIC","E",2015-12-11,"JM","DAY ESTIMATE",2015-12-14,"JM","DAY ESTIMATE",2017-01-08,"DAY ESTIMATE","DIZI","DIZ","DIC","PICCOLO",1992-12-06,NA,3,8405,391,12,1
"184","DIZ","DIZI","UNKNOWN","PIC","E",2017-01-08,"DIC","DAY ESTIMATE",2017-03-16,"JM","DAY ESTIMATE",2018-10-14,"DAY ESTIMATE","PANFLUTE","PNF","DIC","PICCOLO",1992-12-06,NA,67,8799,577,3,0
"185","EXO","EXORCIST","UNKNOWN","POL","E",2012-11-01,"MMW","MONTH ESTIMATE",2014-05-09,"JM","MONTH ESTIMATE",2015-10-21,"DAY ESTIMATE","HALLOWEEN","HLW","EK","POLTERGEIST",1994-11-01,2019-05-01,554,6575,530,5,0
"186","HLW","HALLOWEEN","UNKNOWN","POL","E",2015-10-21,"EK","DAY ESTIMATE",2016-06-23,"JM","WEEK ESTIMATE",NA,NA,NA,NA,NA,"POLTERGEIST",1994-11-01,2019-05-01,246,7659,NA,6,0
"187","TIO","TERIOR",NA,"POS","A",2005-09-01,"JM","MONTH ESTIMATE",2007-01-21,"SAS","MONTH ESTIMATE",2009-10-01,"MONTH ESTIMATE","SESSION","SSI","JM","POS",1983-11-01,2017-05-01,507,7975,984,1,1
"188","SSI","SESSION","UNKNOWN","POS","A",2009-10-01,"JM","MONTH ESTIMATE",2012-01-25,"JM","MONTH ESTIMATE",NA,NA,NA,NA,NA,"POS",1983-11-01,2017-05-01,846,9466,NA,1,1
"189","PPO","PERSEPOLIS","UNKNOWN","PSI",NA,2015-07-17,"EK","WEEK ESTIMATE",2017-09-17,"JM","MONTH ESTIMATE",2021-11-01,"MONTH ESTIMATE","SAFFRON","SAF","VF","PERSIA",1992-11-01,NA,793,8293,1506,9,1
"190","PDD","PUDDIN",NA,"PSU","E",1994-11-01,"JM","MONTH ESTIMATE",1995-05-19,"JM","MONTH ESTIMATE",1996-10-07,"DAY ESTIMATE","SYMPHONY","SYM","KH","PSEUDOPEE",1966-11-01,2005-05-01,199,10227,507,5,0
"191","NNM","NONAME",NA,"PUC","E",1989-01-10,"DIC","WEEK ESTIMATE",1989-01-30,"DIC","DAY ESTIMATE",1990-03-02,"DAY ESTIMATE","PETAL","PET","DIC","PUCK",1976-12-01,2019-03-22,20,4423,396,1,1
"192","PET","PETAL",NA,"PUC","E",1990-03-02,"DIC","DAY ESTIMATE",1990-03-07,"DIC","DAY ESTIMATE",1991-05-18,"DAY ESTIMATE","PEPE","PEP","DIC","PUCK",1976-12-01,2019-03-22,5,4839,437,3,0
"193","PEP","PEPE","MALE","PUC","E",1991-05-18,"DIC","DAY ESTIMATE",1991-06-28,"JM","DAY ESTIMATE",1992-12-06,"DAY ESTIMATE","PICCOLO","PIC","DIC","PUCK",1976-12-01,2019-03-22,41,5281,527,6,0
"194","WAD","WADA","FEMALE","PUC","E",2002-12-06,"AS","DAY ESTIMATE",2003-03-31,"DIC","DAY ESTIMATE",2004-05-07,"DAY ESTIMATE","INDIA","INI","DIC","PUCK",1976-12-01,2019-03-22,115,9501,403,3,0
"195","ENI","ENIGMA","UNKNOWN","PZL",NA,2017-12-15,"JM","WEEK ESTIMATE",2018-12-30,"JM","MONTH ESTIMATE",2020-11-01,"MONTH ESTIMATE","PARADOX","PAX","JM","PUZZLE",1996-11-01,NA,380,7714,672,12,1
"196","KID","KIDOGO",NA,"RAN",NA,1988-06-25,"JM","WEEK ESTIMATE",1989-05-01,"JM","MONTH ESTIMATE",1990-11-01,"MONTH ESTIMATE","RAVE","RAV","JM","RANT",1976-11-01,2002-05-01,310,4254,549,5,0
"197","STU","STUBBLE",NA,"RAZ",NA,1988-11-01,"JM","MONTH ESTIMATE",1989-12-09,"JM","MONTH ESTIMATE",NA,NA,NA,NA,NA,"RAZOR",1959-11-01,1994-05-01,403,10593,NA,12,1
"198","CBC","CUBIC","UNKNOWN","RHO","A",2010-12-21,"EK","DAY ESTIMATE",2011-03-21,"JM","WEEK ESTIMATE",2012-11-01,"WEEK ESTIMATE","DIAMOND","DIA","JM","RHOMBUS",1997-10-08,NA,90,4822,591,3,0
"199","RBX","RUBIX","UNKNOWN","RHO","A",2020-12-04,"JM","DAY ESTIMATE",2021-02-25,"VF","WEEK ESTIMATE",2022-11-03,"DAY ESTIMATE","HELIX","HLX","DIC","RHOMBUS",1997-10-08,NA,83,8458,616,2,0
"200","HLX","HELIX",NA,"RHO","A",2022-11-03,"DIC","DAY ESTIMATE",2023-08-08,"MMQ","WEEK ESTIMATE",2025-01-11,"DAY ESTIMATE","SPIRAL","SIA","DIC","RHOMBUS",1997-10-08,NA,278,9157,522,8,0
"201","MET","METRONOME","UNKNOWN","RHY","D",1998-11-01,"JM","MONTH ESTIMATE",1999-10-01,"EK","MONTH ESTIMATE",2000-11-01,"MONTH ESTIMATE","BLUES","BES","JM","RHYTHYM",1984-11-01,NA,334,5113,397,10,1
"202","KIP","KIPLING",NA,"RIP","E",2005-11-01,"JM","MONTH ESTIMATE",2006-11-11,"JM","MONTH ESTIMATE",2009-12-01,"WEEK ESTIMATE","NEWT","NET","JM","RIPLEY",1993-12-01,NA,375,4353,1116,11,1
"203","AVA","AVATAR","UNKNOWN","RIP","E",2020-11-15,"JM","MONTH ESTIMATE",2021-06-09,"JM","MONTH ESTIMATE",2022-10-24,"DAY ESTIMATE","SIGOURNEY","SGR","ERJ","RIPLEY",1993-12-01,NA,206,9846,502,6,0
"204","LMG","LEMONGRASS",NA,"SAS","A",2007-03-09,"JM","WEEK ESTIMATE",2008-01-20,"JM","MONTH ESTIMATE",2009-10-26,"DAY ESTIMATE","ROOTBEER","RTB","EK","SASSAFRAS",1995-11-01,2014-05-01,317,4146,645,1,1
"205","RTB","ROOTBEER","UNKNOWN","SAS","A",2009-10-26,"EK","DAY ESTIMATE",2011-03-15,"SAS","MONTH ESTIMATE",2012-08-04,"WEEK ESTIMATE","CINNAMON","CNM","EK","SASSAFRAS",1995-11-01,2014-05-01,505,5108,508,3,0
"206","CNM","CINNAMON","UNKNOWN","SAS","A",2012-08-04,"EK","WEEK ESTIMATE",2014-05-01,"EK","MONTH ESTIMATE",NA,NA,NA,NA,NA,"SASSAFRAS",1995-11-01,2014-05-01,635,6121,NA,5,0
"207","RAF","RAFIKI","UNKNOWN","SBA",NA,2015-05-21,"JM","DAY ESTIMATE",2016-01-23,"JM","MONTH ESTIMATE",2023-04-01,"WEEK ESTIMATE","MUFASA","MFA","VF","SIMBA",1989-11-01,NA,247,9332,2625,1,1
"208","PRL","PEARL",NA,"SCA","E",1996-12-01,"KH","WEEK ESTIMATE",1996-12-20,"JM","MONTH ESTIMATE",1998-02-01,"MONTH ESTIMATE","CARPE DIEM","CRP","JM","SCALLOP",1977-11-01,2018-05-01,19,6970,408,12,1
"209","PUK","PUKA","UNKNOWN","SCA","E",2017-04-01,"EK","MONTH ESTIMATE",2017-07-08,"EK","WEEK ESTIMATE",NA,NA,NA,NA,NA,"SCALLOP",1977-11-01,2018-05-01,98,14396,NA,7,0
"210","KAW","KAWASAKI","UNKNOWN","SCT","C",2012-09-26,"EK","DAY ESTIMATE",2013-02-06,"JM","MONTH ESTIMATE",NA,NA,NA,NA,NA,"SCOOTER",1987-11-01,NA,133,9096,NA,2,0
"211","TLG","TRILOGY","UNKNOWN","SEQ","C",2014-02-01,"JM","MONTH ESTIMATE",2014-11-28,"EK","MONTH ESTIMATE",NA,NA,NA,NA,NA,"SEQUEL",1999-03-01,2017-05-01,300,5451,NA,11,1
"212","SOD","SOSAD","UNKNOWN","SHC","A",2017-04-21,"DIC","DAY ESTIMATE",2017-04-23,"EK","DAY ESTIMATE",NA,NA,NA,NA,NA,"SHOCK",1994-10-25,2018-07-27,2,8214,NA,4,0
"213","SOT","STOUT",NA,"SHO","E",2018-12-07,"JM","WEEK ESTIMATE",2019-03-06,"JM","MONTH ESTIMATE",2022-05-01,"WEEK ESTIMATE","SCREECH","SCC","VF","SHOUT",1989-11-01,NA,89,10628,1152,3,0
"214","BUF","BUFF","UNKNOWN","SKF","A",2012-12-06,"DIC","DAY ESTIMATE",2013-03-08,"SAS","WEEK ESTIMATE",2015-10-03,"DAY ESTIMATE","PUFFIN","PFF","EK","SKRUFF",1994-11-01,NA,92,6610,939,3,0
"215","PFF","PUFFIN","UNKNOWN","SKF","A",2015-10-03,"EK","DAY ESTIMATE",2016-03-31,"EK","WEEK ESTIMATE",2017-10-14,"DAY ESTIMATE","FLUFFY","FFY","CBK","SKRUFF",1994-11-01,NA,180,7641,562,3,0
"216","FFY","FLUFFY","UNKNOWN","SKF","A",2017-10-14,"CBK","DAY ESTIMATE",2018-01-28,"EK","MONTH ESTIMATE",2021-12-22,"WEEK ESTIMATE","ZUFF","ZUF","VF","SKRUFF",1994-11-01,NA,106,8383,1424,1,1
"217","VCE","VICE",NA,"SLI","A",2007-01-18,"JM","MONTH ESTIMATE",2008-03-08,"JM","DAY ESTIMATE",2009-08-03,"DAY ESTIMATE","PUREE","PUR","EK","SLICE",1979-11-01,2013-11-01,415,9940,513,3,0
"218","PUR","PUREE",NA,"SLI","A",2009-08-03,"EK","DAY ESTIMATE",2009-08-04,"JM","DAY ESTIMATE",NA,NA,NA,NA,NA,"SLICE",1979-11-01,2013-11-01,1,10868,NA,8,0
"219","ACA","ACACIA","UNKNOWN","SLT","A",2006-11-01,"JM","MONTH ESTIMATE",2008-06-05,"JM","MONTH ESTIMATE",2009-12-15,"MONTH ESTIMATE","LEONARDO","LDO","EMP","SPLINTER",1992-11-01,NA,582,5113,558,6,0
"220","BAL","BALMY",NA,"SOG","A",2004-11-15,"RCC","DAY ESTIMATE",2004-11-29,"JM","WEEK ESTIMATE",2006-01-15,"WEEK ESTIMATE","DAMP","DMP","JM","SOGGY",1991-11-01,NA,14,4763,412,11,1
"221","DEW","DEWDROP","UNKNOWN","SOG","A",2015-11-07,"JM","DAY ESTIMATE",2016-04-14,"EK","DAY ESTIMATE",2017-11-19,"DAY ESTIMATE","DOUSE","DOU","CBK","SOGGY",1991-11-01,NA,159,8772,584,4,0
"222","DNK","DUNK",NA,"SOG","A",2021-12-19,"VF","WEEK ESTIMATE",2022-02-28,"CCC","WEEK ESTIMATE",2023-04-12,"WEEK ESTIMATE","FOGGY","FGY","VF","SOGGY",1991-11-01,NA,71,11006,408,2,0
"223","FGY","FOGGY","MALE","SOG","A",2023-04-12,"VF","WEEK ESTIMATE",2024-02-15,"CCC","DAY ESTIMATE",2025-03-02,"DAY ESTIMATE","CRISPY","CSY","CCC","SOGGY",1991-11-01,NA,309,11485,381,2,0
"224","PTI","PONTI","UNKNOWN","SOP",NA,2015-11-15,"EK","WEEK ESTIMATE",2016-09-20,"EK","MONTH ESTIMATE",2021-11-01,"MONTH ESTIMATE","INGRID BERGMAN","ING","ERJ","SOPHIA LOREN",2000-11-01,NA,310,5492,1868,9,1
"225","SKD","SQUIDKID",NA,"SPO","H",2002-04-24,"JM","WEEK ESTIMATE",2002-10-02,"JM","MONTH ESTIMATE",NA,NA,NA,NA,NA,"SPONGEMOM",1972-11-01,2012-05-01,161,10766,NA,10,1
"226","SQD","SQUIDGY","MALE","SQU","A",1995-11-23,"SHOTOVER","DAY ESTIMATE",1996-08-06,"JM","DAY ESTIMATE",1997-10-08,"DAY ESTIMATE","RHOMBUS","RHO","MRH","SQUARE",1968-11-01,2003-05-01,257,9883,428,8,0
"227","HNL","HENLEY",NA,"STV",NA,2018-11-01,"VF","MONTH ESTIMATE",2020-03-10,"VF","MONTH ESTIMATE",2021-11-01,"MONTH ESTIMATE","LANDSLIDE","LDS","VF","STEVIE NICKS",1999-11-01,NA,495,6940,601,3,0
"228","SHD","SHADOW","MALE","SUR","A",1992-12-16,"DIC","DAY ESTIMATE",1993-03-08,"DIC","DAY ESTIMATE",1994-10-25,"DAY ESTIMATE","SHOCK","SHC","DIC","SURPRISE",1979-11-01,2019-03-25,82,4794,596,3,0
"229","SYO","SAYONARA","UNKNOWN","SUR","A",2014-12-09,"JM","DAY ESTIMATE",2015-01-06,"JM","DAY ESTIMATE",NA,NA,NA,NA,NA,"SURPRISE",1979-11-01,2019-03-25,28,12822,NA,1,1
"230","BAT","BATBABY",NA,"TAB","D",1988-11-01,"JM","MONTH ESTIMATE",1989-12-08,"JM","MONTH ESTIMATE",NA,NA,NA,NA,NA,"TAB",1966-11-01,2002-05-01,402,8036,NA,12,1
"231","KWO","KWONDO",NA,"TAI",NA,2005-01-01,"JM","MONTH ESTIMATE",2006-01-03,"JM","MONTH ESTIMATE",2007-10-01,"MONTH ESTIMATE","JITSU","JIT","JM","TAI",1984-11-01,2014-05-01,367,7366,636,1,1
"232","TNI","TRINITY",NA,"TAL","H",2008-02-24,"JM","DAY ESTIMATE",2010-01-02,"SAS","MONTH ESTIMATE",2015-11-17,"DAY ESTIMATE","DAYTONA","DYT","JM","TALLADEGA",1992-11-01,NA,678,5593,2145,1,1
"233","DYT","DAYTONA","UNKNOWN","TAL","H",2015-11-17,"JM","DAY ESTIMATE",2016-03-11,"JM","MONTH ESTIMATE",2021-11-01,"MONTH ESTIMATE","CHITTY CHITTY BANG BANG","CCB","JM","TALLADEGA",1992-11-01,NA,115,8416,2061,3,0
"234","TIT","TITTERS",NA,"TAT","E",1992-10-01,"AFR","WEEK ESTIMATE",1992-12-12,"JM","MONTH ESTIMATE",1994-11-01,"MONTH ESTIMATE","FETUS","FET","RCC","TATTERS",1978-11-01,1994-06-04,72,5083,689,12,1
"235","FET","FETUS","FEMALE","TAT","E",1994-11-01,"RCC","MONTH ESTIMATE",1994-06-04,"RCC","DAY ESTIMATE",NA,NA,NA,NA,NA,"TATTERS",1978-11-01,1994-06-04,-150,5844,NA,6,0
"236","TOP","TOPLESS",NA,"TIP",NA,1992-11-01,"JM","MONTH ESTIMATE",1994-05-26,"JM","WEEK ESTIMATE",NA,NA,NA,NA,NA,"TIPLESS",1980-11-01,1998-05-01,571,4383,NA,5,0
"237","MOR","MORRIS","UNKNOWN","TRE","A",1988-12-20,"RCC","WEEK ESTIMATE",1990-06-03,"JM","DAY ESTIMATE",1994-11-01,"MONTH ESTIMATE","ROOTS","ROO","RCC","TREETRUNX",1970-11-01,2003-05-01,530,6624,1612,6,0
"238","STM","STUMPY",NA,"TRE","A",1998-11-01,"MRH","MONTH ESTIMATE",2000-03-05,"JM","MONTH ESTIMATE",2001-05-15,"WEEK ESTIMATE","LOGGY","LOG","JM","TREETRUNX",1970-11-01,2003-05-01,490,10227,436,3,0
"239","LOG","LOGGY",NA,"TRE","A",2001-05-15,"JM","WEEK ESTIMATE",2002-05-01,"JM","MONTH ESTIMATE",NA,NA,NA,NA,NA,"TREETRUNX",1970-11-01,2003-05-01,351,11153,NA,5,0
"240","DYC","DYCKY","UNKNOWN","TRY","E",2000-01-01,"JM","WEEK ESTIMATE",2000-07-28,"EK","MONTH ESTIMATE",2003-02-15,"MONTH ESTIMATE","BEANIE","BNI","JM","TRYCKY",1971-11-01,2015-05-01,209,10288,932,7,0
"241","QCI","QUICKIE","UNKNOWN","TRY","E",2012-04-01,"JM","WEEK ESTIMATE",2012-06-15,"JM","MONTH ESTIMATE",NA,NA,NA,NA,NA,"TRYCKY",1971-11-01,2015-05-01,75,14762,NA,6,0
"242","ADC","ANDRONICUS","UNKNOWN","TTU",NA,2001-06-01,"JM","WEEK ESTIMATE",2002-03-04,"EK","MONTH ESTIMATE",NA,NA,NA,NA,NA,"TITUS",1982-11-01,NA,276,6787,NA,3,0
"243","TDE","TIDE",NA,"TUF","A",2022-10-06,"ERJ","DAY ESTIMATE",2023-04-08,"VF","WEEK ESTIMATE",NA,NA,NA,NA,NA,"TUF",2010-01-23,NA,184,4639,NA,4,0
"244","TOD","TOODALOO",NA,"TUK","E",2006-10-29,"SR","DAY ESTIMATE",2007-02-15,"EK","MONTH ESTIMATE",2009-10-01,"WEEK ESTIMATE","ROLL","RLL","MAS","TUK",1984-11-01,2016-04-15,109,8032,959,2,0
"245","RLL","ROLL","UNKNOWN","TUK","E",2009-10-01,"MAS","WEEK ESTIMATE",2011-02-13,"SAS","MONTH ESTIMATE",2014-03-01,"MONTH ESTIMATE","TUXEDO","TUX","JM","TUK",1984-11-01,2016-04-15,500,9100,1112,2,0
"246","BNK","BANKSIA","UNKNOWN","TUL","C",2012-09-21,"EK","WEEK ESTIMATE",2012-10-07,"VF","WEEK ESTIMATE",2013-10-25,"DAY ESTIMATE","POPPY","PPP","EK","TULIP",1994-11-01,NA,16,6534,383,10,1
"247","RAI","RAISIN",NA,"TWO","D",1999-02-01,"JM","MONTH ESTIMATE",1999-06-27,"JM","DAY ESTIMATE",NA,NA,NA,NA,NA,"TWOSCOOPS",1964-11-01,2002-05-01,146,12510,NA,6,0
"248","MUF","MUF","FEMALE","UHF","A",1986-11-01,"JM","MONTH ESTIMATE",1989-01-13,"JM","MONTH ESTIMATE",1990-10-01,"WEEK ESTIMATE","URCHIN","URC","JM","UHF",1967-11-01,2003-05-01,804,6940,626,1,1
"249","ENU","ENUFF",NA,"UHF","A",2002-11-24,"AS","WEEK ESTIMATE",2003-03-22,"JM","WEEK ESTIMATE",NA,NA,NA,NA,NA,"UHF",1967-11-01,2003-05-01,118,12807,NA,3,0
"250","WYA","WYATT",NA,"URP","D",2003-10-15,"AS","WEEK ESTIMATE",2005-08-13,"SAS","MONTH ESTIMATE",NA,NA,NA,NA,NA,"URP",1973-11-01,2012-05-01,668,10940,NA,8,0
"251","IRD","INFRARED","UNKNOWN","UVE","A",2005-12-01,"JM","MONTH ESTIMATE",2006-09-13,"EK","MONTH ESTIMATE",2009-09-30,"DAY ESTIMATE","BANANABOAT","BNB","MAS","UV",1985-11-01,2018-09-01,286,7335,1113,9,1
"252","RED","REDO",NA,"VAM","G",1997-11-01,"CF","WEEK ESTIMATE",2000-03-25,"JM","MONTH ESTIMATE",2003-11-01,"MONTH ESTIMATE","RENOVATE","RNV","JM","REVAMP",1982-11-01,2010-05-01,875,5479,1316,3,0
"253","RNV","RENOVATE","UNKNOWN","VAM","G",2003-11-01,"JM","MONTH ESTIMATE",2005-02-13,"JM","MONTH ESTIMATE",2006-01-01,"MONTH ESTIMATE","REVIVE","RVV","JM","REVAMP",1982-11-01,2010-05-01,470,7670,322,2,0
"254","RVV","REVIVE","UNKNOWN","VAM","G",2006-01-01,"JM","MONTH ESTIMATE",2007-04-26,"EK","MONTH ESTIMATE",NA,NA,NA,NA,NA,"REVAMP",1982-11-01,2010-05-01,480,8462,NA,4,0
"255","TOH","TOOHEYS","UNKNOWN","VBE","D",2015-11-05,"JM","DAY ESTIMATE",2017-04-13,"JM","MONTH ESTIMATE",2018-11-15,"WEEK ESTIMATE","ELSIE","ESI","VF","VEEBIE",1997-11-01,NA,525,6578,581,4,0
"256","ESI","ELSIE",NA,"VBE","D",2018-11-15,"VF","WEEK ESTIMATE",2019-03-15,"VF","MONTH ESTIMATE",2020-10-15,"WEEK ESTIMATE","MATSO","MTO","JM","VEEBIE",1997-11-01,NA,120,7684,580,3,0
"257","MTO","MATSO","MALE","VBE","D",2020-10-15,"JM","WEEK ESTIMATE",2023-05-31,"VF","WEEK ESTIMATE",2024-10-07,"DAY ESTIMATE","EXPORT","EXP","JM","VEEBIE",1997-11-01,NA,958,8384,495,5,0
"258","VIC","VICTORIA",NA,"VEC",NA,2001-09-01,"JJW","WEEK ESTIMATE",2002-02-08,"JM","MONTH ESTIMATE",2003-09-15,"WEEK ESTIMATE","SOHCAHTOA","SOH","JJW","VECTOR",1977-11-01,2016-05-01,160,8705,584,2,0
"259","SOH","SOHCAHTOA",NA,"VEC",NA,2003-09-15,"JJW","WEEK ESTIMATE",2004-06-16,"JM","MONTH ESTIMATE",NA,NA,NA,NA,NA,"VECTOR",1977-11-01,2016-05-01,275,9449,NA,6,0
"260","SIR","SIRIUS",NA,"VEN",NA,1990-11-01,"JM","DAY ESTIMATE",1990-12-23,"JM","WEEK ESTIMATE",NA,NA,NA,NA,NA,"VENUS",1974-11-01,1993-05-01,52,5844,NA,12,1
"261","VAC","VACUUM",NA,"VOI",NA,1990-12-27,"AFR","WEEK ESTIMATE",1991-03-15,"JM","MONTH ESTIMATE",NA,NA,NA,NA,NA,"VOID",1978-11-01,1996-05-01,78,4439,NA,3,0
"262","WBB","WOBBLE",NA,"WAN","D",2001-11-15,"LAB","MONTH ESTIMATE",2002-05-30,"JM","MONTH ESTIMATE",2004-10-13,"DAY ESTIMATE","WHIPPLE","WHP","MK","WANDA",1979-11-01,2013-10-13,196,8050,867,5,0
"263","WNK","WINK",NA,"WED","D",1996-12-15,"KH","WEEK ESTIMATE",1998-03-17,"JM","MONTH ESTIMATE",1999-05-17,"WEEK ESTIMATE","WHOOPS","WHO","JM","WEDGES",1972-11-01,2011-05-01,457,8810,426,3,0
"264","WBX","WEETABIX",NA,"WEL",NA,2004-03-25,"JM","WEEK ESTIMATE",2005-01-29,"JM","MONTH ESTIMATE",NA,NA,NA,NA,NA,"WELLY",1983-11-01,2013-05-01,310,7450,NA,1,1
"265","WMP","WHIMPER","FEMALE","WHN","D",2016-03-01,"VF","WEEK ESTIMATE",2018-03-05,"EK","MONTH ESTIMATE",2019-03-15,"WEEK ESTIMATE","WHEEDLE","WHD","TCC","WHINE",2002-11-01,NA,734,4869,375,3,0
"266","EGS","EGGSHELL","UNKNOWN","WHT",NA,2012-10-15,"EK","DAY ESTIMATE",2013-02-17,"JM","MONTH ESTIMATE",2014-10-01,"WEEK ESTIMATE","TIGHTY","TIH","JM","WHITEY",1988-11-01,NA,125,8749,591,2,0
"267","MGT","MAGNETO",NA,"WLV",NA,2023-12-01,"CCC","DAY ESTIMATE",2024-02-26,"CCC","WEEK ESTIMATE",NA,NA,NA,NA,NA,"WOLVERINE",2000-11-01,NA,87,8430,NA,2,0
"268","WDR","WONDER",NA,"WOF","A",2019-02-06,"DIC","DAY ESTIMATE",2019-04-09,"JM","DAY ESTIMATE",2020-12-15,"WEEK ESTIMATE","WAGS","WAG","JM","WOOF",1998-10-19,2022-08-28,62,7415,616,4,0
"269","DPT","DIPROTODON",NA,"WOM","A",1999-11-01,"VF","MONTH ESTIMATE",2000-12-19,"VF","MONTH ESTIMATE",2003-05-01,"MONTH ESTIMATE","BOODIE","BDI","JM","WOMBAT",1988-11-01,2009-05-01,414,4017,863,12,1
"270","BDI","BOODIE",NA,"WOM","A",2003-05-01,"JM","MONTH ESTIMATE",2005-03-10,"JM","MONTH ESTIMATE",NA,NA,NA,NA,NA,"WOMBAT",1988-11-01,2009-05-01,679,5294,NA,3,0
"271","SLL","SILLY",NA,"WYL","E",1993-11-01,"JM","MONTH ESTIMATE",1994-06-16,"JM","WEEK ESTIMATE",1995-11-01,"MONTH ESTIMATE","FRILLY","FRL","JM","WYLLY",1978-11-01,2011-05-01,227,5479,503,6,0
"272","YOD","YODA","FEMALE","YAN","E",1991-01-01,"JM","WEEK ESTIMATE",1991-09-30,"JM","DAY ESTIMATE",NA,NA,NA,NA,NA,"YAN",1972-11-01,1998-05-01,272,6635,NA,9,1
"273","YYO","YOYO",NA,"YIN","E",1997-01-01,"KH","WEEK ESTIMATE",1997-05-01,"JM","MONTH ESTIMATE",NA,NA,NA,NA,NA,"YIN",1984-11-01,1997-05-01,120,4444,NA,5,0
"274","ZOM","ZOOM",NA,"ZEP",NA,2021-11-01,"VF","WEEK ESTIMATE",2022-02-10,"VF","WEEK ESTIMATE",2023-02-24,"DAY ESTIMATE","ZAFFIRO","ZFO","CCC","ZEPPLIN",2000-11-01,NA,101,7670,379,2,0
"275","ZFO","ZAFFIRO",NA,"ZEP","D",2023-02-24,"CCC","DAY ESTIMATE",2023-03-01,"CCC","DAY ESTIMATE",2024-03-23,"WEEK ESTIMATE","ZAZA","ZAZ","CCC","ZEPPLIN",2000-11-01,NA,5,8150,388,3,0
"276","ZOR","ZORRO","MALE","ZIP","D",2005-12-10,"JM","MONTH ESTIMATE",2008-01-08,"JM","MONTH ESTIMATE",2009-09-17,"DAY ESTIMATE","ZULU","ZUL","EK","ZIPPY",1986-11-01,2017-04-03,759,6979,618,1,1
"277","ZPO","ZEPPO","UNKNOWN","ZIP","D",2016-10-19,"CBK","DAY ESTIMATE",2017-04-03,"JM","MONTH ESTIMATE",NA,NA,NA,NA,NA,"ZIPPY",1986-11-01,2017-04-03,166,10945,NA,4,0
