"","Dolphin.ID","Dolphin.Name","Sex","Mother.ID","Haplotype","Birth.Date","Birth.Date.Accuracy","Death.Date","Death.Date.Accuracy","NextCalfBDay","NextCalfBDayAccuracy","NextCalfName","NextCalfID","Mom.Name","MomBDay","MomDDay","CalfAgeDeath","MomAgeBirth","TimeToNextBirth","DeathMonth","Season","Present","CalfAgeDeathYrs","EventCensored","MomDeadCensored","MomAliveCensored","TimeToEvent","CalfAgeDeathCategories","a.Calf.under.3mo","b.Calf.3mo.to.1y","c.Calf.1y.to.2y","d.Calf.2y.to.3y"
"1","PER","PERIWINKLE","MALE","ALG","E",1989-12-01,"MONTH ESTIMATE",1990-08-31,"WEEK ESTIMATE",1991-10-25,"DAY ESTIMATE","OYSTER","OYS","ALGAE",1969-11-01,2004-05-01,273,20.082135523614,1.14989733059548,8,0,2024-04-03,0.747433264887064,1,0,0,1.14989733059548,"b.Calf.3mo.to.1y",0,1,0,0
"2","EDN","EDNA","UNKNOWN","ALT",NA,2014-10-15,"WEEK ESTIMATE",2014-12-07,"DAY ESTIMATE",2016-02-15,"MONTH ESTIMATE","ODYSSEY","ODY","ALTHEA",1988-11-01,NA,53,25.9520876112252,1.19096509240246,12,1,2024-04-03,0.145106091718001,1,0,0,1.19096509240246,"a.Calf.under.3mo",1,0,0,0
"3","CNC","CANCER",NA,"ARI",NA,2003-11-01,"MONTH ESTIMATE",2004-07-11,"DAY ESTIMATE",2005-11-01,"MONTH ESTIMATE","PISCES","PSC","ARIES",1991-11-01,NA,253,12,1.30869267624914,7,0,2024-04-03,0.692676249144422,1,0,0,1.30869267624914,"b.Calf.3mo.to.1y",0,1,0,0
"4","MLA","MILA",NA,"ASN","H",2018-12-10,"DAY ESTIMATE",2019-03-01,"MONTH ESTIMATE",2020-10-01,"MONTH ESTIMATE","TATE","TTE","ASHTON",2004-01-01,NA,81,14.9404517453799,1.58795345653662,3,0,2024-04-03,0.2217659137577,1,0,0,1.58795345653662,"a.Calf.under.3mo",1,0,0,0
"5","CPT","CAPOTE","UNKNOWN","ATW",NA,2014-10-01,"WEEK ESTIMATE",2014-12-06,"WEEK ESTIMATE",2021-11-01,"MONTH ESTIMATE","OFFRED","OFR","ATWOOD",1984-11-01,NA,66,29.9137577002053,6.90485968514716,12,1,2024-04-03,0.180698151950719,1,0,0,6.90485968514716,"a.Calf.under.3mo",1,0,0,0
"6","SOK","SPOOK",NA,"BAD","E",2002-10-20,"WEEK ESTIMATE",2003-12-30,"MONTH ESTIMATE",2005-05-01,"MONTH ESTIMATE","GHOUL","GHL","BADGHOST",1982-11-01,NA,436,19.9671457905544,1.33607118412047,12,1,2024-04-03,1.1937029431896,1,0,0,1.33607118412047,"c.Calf.1y.to.2y",0,0,1,0
"7","SEN","SEANCE","UNKNOWN","BAD","E",2009-10-15,"WEEK ESTIMATE",2010-03-17,"MONTH ESTIMATE",2011-09-12,"DAY ESTIMATE","YETI","YTI","BADGHOST",1982-11-01,NA,153,26.9541409993155,1.48939082819986,3,0,2024-04-03,0.418891170431211,1,0,0,1.48939082819986,"b.Calf.3mo.to.1y",0,1,0,0
"8","YTI","YETI","UNKNOWN","BAD","E",2011-09-12,"DAY ESTIMATE",2013-01-28,"MONTH ESTIMATE",2018-12-01,"WEEK ESTIMATE","SPECTER","SPR","BADGHOST",1982-11-01,NA,504,28.8624229979466,5.83983572895277,1,1,2024-04-03,1.37987679671458,1,0,0,5.83983572895277,"c.Calf.1y.to.2y",0,0,1,0
"9","SPR","SPECTER",NA,"BAD","E",2018-12-01,"WEEK ESTIMATE",2019-05-04,"MONTH ESTIMATE",NA,NA,NA,NA,"BADGHOST",1982-11-01,NA,154,36.082135523614,NA,5,0,2024-04-03,0.421629021218344,0,0,1,4.91718001368925,"b.Calf.3mo.to.1y",0,1,0,0
"10","TRC","TRISCUIT",NA,"BIS","E",1992-11-01,"MONTH ESTIMATE",1994-07-02,"MONTH ESTIMATE",1996-11-01,"MONTH ESTIMATE","BAGEL","BAG","BISCUIT",1965-11-01,2007-05-01,608,27.0006844626968,2.33538672142368,7,0,2024-04-03,1.66461327857632,1,0,0,2.33538672142368,"c.Calf.1y.to.2y",0,0,1,0
"11","DRO","DRONE","MALE","BLI","E",1988-11-01,"WEEK ESTIMATE",1990-06-25,"WEEK ESTIMATE",1993-12-01,"MONTH ESTIMATE","RIPLEY","RIP","BLIP",1970-11-01,NA,601,18.0013689253936,3.43600273785079,6,0,2024-04-03,1.64544832306639,1,0,0,3.43600273785079,"c.Calf.1y.to.2y",0,0,1,0
"12","BLP","BLOOPER","UNKNOWN","BLI","E",2012-08-23,"DAY ESTIMATE",2013-02-06,"MONTH ESTIMATE",NA,NA,NA,NA,"BLIP",1970-11-01,NA,167,41.8097193702943,NA,2,1,2024-04-03,0.457221081451061,0,0,1,11.1540041067762,"b.Calf.3mo.to.1y",0,1,0,0
"13","DOA","DOONA","UNKNOWN","BLK","A",2011-11-22,"DAY ESTIMATE",2012-04-13,"MONTH ESTIMATE",2013-08-01,"WEEK ESTIMATE","SNUGGIE","SGG","BLANKIE",1996-11-01,NA,143,15.0554414784394,1.30047912388775,4,0,2024-04-03,0.39151266255989,1,0,0,1.30047912388775,"b.Calf.3mo.to.1y",0,1,0,0
"14","QSR","QUASAR","UNKNOWN","BMN",NA,2010-01-01,"MONTH ESTIMATE",2011-02-06,"MONTH ESTIMATE",2012-11-01,"MONTH ESTIMATE","WYNKOOP","WYK","BLUEMOON",1991-11-01,NA,401,18.1683778234086,1.73579739904175,2,1,2024-04-03,1.09787816563997,1,0,0,1.73579739904175,"c.Calf.1y.to.2y",0,0,1,0
"15","WYK","WYNKOOP","UNKNOWN","BMN",NA,2012-11-01,"MONTH ESTIMATE",2013-12-31,"MONTH ESTIMATE",2021-12-01,"MONTH ESTIMATE","CORONA","CNA","BLUEMOON",1991-11-01,NA,425,21.0020533880903,7.91786447638604,12,1,2024-04-03,1.16358658453114,1,0,0,7.91786447638604,"c.Calf.1y.to.2y",0,0,1,0
"16","POG","POGO","UNKNOWN","BNG","H",2014-10-06,"WEEK ESTIMATE",2015-08-27,"DAY ESTIMATE",2017-11-07,"WEEK ESTIMATE","FLEX","FLE","BUNGIE",2000-11-01,NA,325,13.927446954141,2.19849418206708,8,0,2024-04-03,0.889801505817933,1,0,0,2.19849418206708,"b.Calf.3mo.to.1y",0,1,0,0
"17","BUN","BUN",NA,"BRE","A",1995-11-01,"MONTH ESTIMATE",1996-11-22,"MONTH ESTIMATE",1998-03-01,"MONTH ESTIMATE","BREKI","BRK","BREAD",1977-11-01,NA,387,17.9986310746064,1.2703627652293,11,1,2024-04-03,1.05954825462012,1,0,0,1.2703627652293,"c.Calf.1y.to.2y",0,0,1,0
"18","BGT","BAGUETTE","UNKNOWN","BRE","A",2013-09-01,"WEEK ESTIMATE",2014-04-11,"MONTH ESTIMATE",2019-11-01,"DAY ESTIMATE","BRICOLE","BCE","BREAD",1977-11-01,NA,222,35.8329911019849,5.55783709787817,4,0,2024-04-03,0.607802874743327,1,0,0,5.55783709787817,"b.Calf.3mo.to.1y",0,1,0,0
"19","BOZ","BONZER","UNKNOWN","BSS","A",2015-11-08,"DAY ESTIMATE",2016-01-10,"DAY ESTIMATE",2017-01-31,"DAY ESTIMATE","DIVINE","DIV","BLISS",1998-12-12,2019-07-26,63,16.9062286105407,1.05954825462012,1,1,2024-04-03,0.172484599589322,1,0,0,1.05954825462012,"a.Calf.under.3mo",1,0,0,0
"20","DIV","DIVINE","UNKNOWN","BSS","A",2017-01-31,"DAY ESTIMATE",2017-04-14,"WEEK ESTIMATE",2018-10-27,"DAY ESTIMATE","BADABING","BDA","BLISS",1998-12-12,2019-07-26,73,18.1382614647502,1.53593429158111,4,0,2024-04-03,0.199863107460643,1,0,0,1.53593429158111,"a.Calf.under.3mo",1,0,0,0
"21","BDA","BADABING","FEMALE","BSS","A",2018-10-27,"DAY ESTIMATE",2019-04-07,"DAY ESTIMATE",NA,NA,NA,NA,"BLISS",1998-12-12,2019-07-26,162,19.8740588637919,NA,4,0,2024-04-03,0.4435318275154,0,1,0,0.301163586584531,"b.Calf.3mo.to.1y",0,1,0,0
"22","BLT","BLOAT",NA,"BUL",NA,1992-11-01,"MONTH ESTIMATE",1993-10-04,"MONTH ESTIMATE",1997-11-01,"MONTH ESTIMATE","SURGE","SRG","BULGE",1972-11-01,2003-05-01,337,20,4.0766598220397,10,1,2024-04-03,0.922655715263518,1,0,0,4.0766598220397,"b.Calf.3mo.to.1y",0,1,0,0
"23","SRG","SURGE",NA,"BUL",NA,1997-11-01,"MONTH ESTIMATE",1998-03-20,"MONTH ESTIMATE",2000-10-28,"WEEK ESTIMATE","BURST","BST","BULGE",1972-11-01,2003-05-01,139,24.9993155373032,2.60917180013689,3,0,2024-04-03,0.380561259411362,1,0,0,2.60917180013689,"b.Calf.3mo.to.1y",0,1,0,0
"24","BOS","BOSTON",NA,"BYT","H",2000-10-01,"WEEK ESTIMATE",2002-01-07,"MONTH ESTIMATE",2003-11-18,"WEEK ESTIMATE","MEGABYTE","MEG","BYTFLUKE",1972-11-01,NA,463,27.9151266255989,1.86173853524983,1,1,2024-04-03,1.26762491444216,1,0,0,1.86173853524983,"c.Calf.1y.to.2y",0,0,1,0
"25","MEG","MEGABYTE",NA,"BYT","H",2003-11-18,"WEEK ESTIMATE",2005-05-13,"MONTH ESTIMATE",2008-12-01,"WEEK ESTIMATE","GOOGLE","GGL","BYTFLUKE",1972-11-01,NA,542,31.0444900752909,3.55373032169747,5,0,2024-04-03,1.4839151266256,1,0,0,3.55373032169747,"c.Calf.1y.to.2y",0,0,1,0
"26","SMK","SHAMROCK","UNKNOWN","CLV","A",2016-11-01,"MONTH ESTIMATE",2018-03-02,"MONTH ESTIMATE",2020-11-01,"MONTH ESTIMATE","ALFALFA","ALF","CLOVER",1996-11-01,NA,486,20,2.6694045174538,3,0,2024-04-03,1.3305954825462,1,0,0,2.6694045174538,"c.Calf.1y.to.2y",0,0,1,0
"27","BEY","BEYONCE","UNKNOWN","COI","D",2017-01-01,"WEEK ESTIMATE",2017-03-01,"MONTH ESTIMATE",2018-11-15,"MONTH ESTIMATE","MINAJ","MNJ","COOLIO",1999-11-01,NA,59,17.1690622861054,1.70841889117043,3,0,2024-04-03,0.161533196440794,1,0,0,1.70841889117043,"a.Calf.under.3mo",1,0,0,0
"28","MNJ","MINAJ","UNKNOWN","COI","D",2018-11-15,"MONTH ESTIMATE",2019-03-31,"MONTH ESTIMATE",2020-11-01,"MONTH ESTIMATE","CARDI B","CIB","COOLIO",1999-11-01,NA,136,19.0390143737166,1.59069130732375,3,0,2024-04-03,0.372347707049966,1,0,0,1.59069130732375,"b.Calf.3mo.to.1y",0,1,0,0
"29","STL","STALLION",NA,"COL",NA,1997-11-01,"MONTH ESTIMATE",1998-01-02,"WEEK ESTIMATE",2000-11-01,"MONTH ESTIMATE","CIGAR","CIG","COLT",1983-11-01,2005-05-01,62,14.0013689253936,2.83093771389459,1,1,2024-04-03,0.16974674880219,1,0,0,2.83093771389459,"a.Calf.under.3mo",1,0,0,0
"30","AOV","ALOE VERA","UNKNOWN","COP","A",2014-11-01,"WEEK ESTIMATE",2016-01-11,"MONTH ESTIMATE",NA,NA,NA,NA,"COPPERTONE",2001-11-01,NA,436,12.9993155373032,NA,1,1,2024-04-03,1.1937029431896,0,0,1,8.22724161533196,"c.Calf.1y.to.2y",0,0,1,0
"31","GOA","GOALIE",NA,"COR","A",2008-11-05,"WEEK ESTIMATE",2009-05-11,"MONTH ESTIMATE",2010-09-23,"DAY ESTIMATE","OFFSIDE","OFS","CORNER",1990-10-01,2011-05-01,187,18.0971937029432,1.36892539356605,5,0,2024-04-03,0.511978097193703,1,0,0,1.36892539356605,"b.Calf.3mo.to.1y",0,1,0,0
"32","FUD","FUDGE","MALE","CRO","E",1986-11-01,"MONTH ESTIMATE",1987-04-05,"DAY ESTIMATE",1988-10-06,"DAY ESTIMATE","COOKIE","COO","CROOKEDFIN",1960-11-01,1992-05-08,155,25.9986310746064,1.50581793292266,4,0,2024-04-03,0.424366872005476,1,0,0,1.50581793292266,"b.Calf.3mo.to.1y",0,1,0,0
"33","TFC","TRAFFIC","UNKNOWN","CRS","A",2009-03-01,"MONTH ESTIMATE",2010-03-21,"MONTH ESTIMATE",NA,NA,NA,NA,"CRASH",1991-11-01,NA,385,17.3305954825462,NA,3,0,2024-04-03,1.05407255304586,0,0,1,14.0369609856263,"c.Calf.1y.to.2y",0,0,1,0
"34","PNC","PINOCCHIO",NA,"CYR",NA,2001-12-01,"MONTH ESTIMATE",2002-12-17,"MONTH ESTIMATE",2009-01-03,"DAY ESTIMATE","CLEOPATRA","CLE","CYRANO",1989-11-01,NA,381,12.082135523614,6.04791238877481,12,1,2024-04-03,1.04312114989733,1,0,0,6.04791238877481,"c.Calf.1y.to.2y",0,0,1,0
"35","CYU","CYRUS","UNKNOWN","CYR",NA,2016-12-01,"WEEK ESTIMATE",2017-04-27,"WEEK ESTIMATE",2018-12-01,"WEEK ESTIMATE","CASANOVA","CSA","CYRANO",1989-11-01,NA,147,27.0828199863107,1.59616700889802,4,0,2024-04-03,0.402464065708419,1,0,0,1.59616700889802,"b.Calf.3mo.to.1y",0,1,0,0
"36","CSA","CASANOVA","UNKNOWN","CYR",NA,2018-12-01,"WEEK ESTIMATE",2019-05-01,"WEEK ESTIMATE",NA,NA,NA,NA,"CYRANO",1989-11-01,NA,151,29.0814510609172,NA,5,0,2024-04-03,0.413415468856947,0,0,1,4.92539356605065,"b.Calf.3mo.to.1y",0,1,0,0
"37","DOO","DOODLE",NA,"DID","H",1997-12-15,"MONTH ESTIMATE",1998-05-05,"MONTH ESTIMATE",2000-01-01,"MONTH ESTIMATE","FIDDLE","FDD","DIDDLE",1972-11-01,2007-05-01,141,25.119780971937,1.65913757700205,5,0,2024-04-03,0.386036960985626,1,0,0,1.65913757700205,"b.Calf.3mo.to.1y",0,1,0,0
"38","FDD","FIDDLE",NA,"DID","H",2000-01-01,"MONTH ESTIMATE",2000-05-13,"DAY ESTIMATE",2002-11-02,"WEEK ESTIMATE","DABBLE","DAB","DIDDLE",1972-11-01,2007-05-01,133,27.1649555099247,2.47227926078029,5,0,2024-04-03,0.364134154688569,1,0,0,2.47227926078029,"b.Calf.3mo.to.1y",0,1,0,0
"39","DAB","DABBLE",NA,"DID","H",2002-11-02,"WEEK ESTIMATE",2003-01-27,"MONTH ESTIMATE",2005-11-20,"WEEK ESTIMATE","PUDDLE","PUD","DIDDLE",1972-11-01,2007-05-01,86,30.0013689253936,2.8145106091718,1,1,2024-04-03,0.235455167693361,1,0,0,2.8145106091718,"a.Calf.under.3mo",1,0,0,0
"40","DKE","DUKE","UNKNOWN","DUC","E",2009-12-15,"MONTH ESTIMATE",2010-07-26,"MONTH ESTIMATE",2013-02-15,"MONTH ESTIMATE","MARQUIS","MRQ","DUCHESS",1993-12-22,NA,223,15.9808350444901,2.55989048596851,7,0,2024-04-03,0.610540725530459,1,0,0,2.55989048596851,"b.Calf.3mo.to.1y",0,1,0,0
"41","EIN","EINSTEIN",NA,"DUN",NA,2004-10-10,"DAY ESTIMATE",2005-04-08,"WEEK ESTIMATE",2010-04-15,"WEEK ESTIMATE","KLUTZ","KTZ","DUNCE",1982-11-01,2010-07-01,180,21.9411362080767,5.01848049281314,4,0,2024-04-03,0.492813141683778,1,0,0,5.01848049281314,"b.Calf.3mo.to.1y",0,1,0,0
"42","HLD","HOLIDAY","UNKNOWN","EDE","E",2015-12-19,"DAY ESTIMATE",2016-03-27,"DAY ESTIMATE",2019-02-04,"DAY ESTIMATE","SUMMER","SMM","EDEN",2003-11-19,NA,99,12.082135523614,2.85831622176591,3,0,2024-04-03,0.271047227926078,1,0,0,2.85831622176591,"b.Calf.3mo.to.1y",0,1,0,0
"43","GRD","GREEDY",NA,"EED","D",2003-11-01,"MONTH ESTIMATE",2004-10-12,"DAY ESTIMATE",2005-11-01,"MONTH ESTIMATE","PEEWEE","PWE","EED",1974-11-01,2018-05-01,346,28.9993155373032,1.05407255304586,10,1,2024-04-03,0.947296372347707,1,0,0,1.05407255304586,"b.Calf.3mo.to.1y",0,1,0,0
"44","TUB","TUBBY",NA,"FAT","A",1985-01-01,"MONTH ESTIMATE",1985-07-13,"DAY ESTIMATE",1991-12-15,"MONTH ESTIMATE","OBE","OBE","FATFIN",1972-11-01,2005-05-01,193,12.1670088980151,6.42299794661191,7,0,2024-04-03,0.528405201916496,1,0,0,6.42299794661191,"b.Calf.3mo.to.1y",0,1,0,0
"45","OBE","OBE",NA,"FAT","A",1991-12-15,"MONTH ESTIMATE",1992-03-27,"MONTH ESTIMATE",1993-11-01,"WEEK ESTIMATE","HUCKLEBERRY","HCK","FATFIN",1972-11-01,2005-05-01,103,19.1184120465435,1.59890485968515,3,0,2024-04-03,0.281998631074606,1,0,0,1.59890485968515,"b.Calf.3mo.to.1y",0,1,0,0
"46","HCK","HUCKLEBERRY",NA,"FAT","A",1993-11-01,"WEEK ESTIMATE",1994-02-07,"DAY ESTIMATE",1996-10-06,"DAY ESTIMATE","TWIGGY","TWG","FATFIN",1972-11-01,2005-05-01,98,20.9993155373032,2.6611909650924,2,1,2024-04-03,0.268309377138946,1,0,0,2.6611909650924,"b.Calf.3mo.to.1y",0,1,0,0
"47","TWG","TWIGGY",NA,"FAT","A",1996-10-06,"DAY ESTIMATE",1997-06-20,"WEEK ESTIMATE",1999-11-03,"DAY ESTIMATE","BLUBBY","BBB","FATFIN",1972-11-01,2005-05-01,257,23.9288158795346,2.3709787816564,6,0,2024-04-03,0.70362765229295,1,0,0,2.3709787816564,"b.Calf.3mo.to.1y",0,1,0,0
"48","BBB","BLUBBY",NA,"FAT","A",1999-11-03,"DAY ESTIMATE",2000-01-04,"DAY ESTIMATE",NA,NA,NA,NA,"FATFIN",1972-11-01,2005-05-01,62,27.0034223134839,NA,1,1,2024-04-03,0.16974674880219,0,1,0,5.3223819301848,"a.Calf.under.3mo",1,0,0,0
"49","FLT","FLOAT",NA,"FLI","E",2003-10-11,"DAY ESTIMATE",2003-10-12,"DAY ESTIMATE",2004-12-01,"MONTH ESTIMATE","FRODO","FDO","FLIP",1983-11-01,2008-07-23,1,19.9425051334702,1.13894592744695,10,1,2024-04-03,0.0027378507871321,1,0,0,1.13894592744695,"a.Calf.under.3mo",1,0,0,0
"50","FDO","FRODO",NA,"FLI","E",2004-12-01,"MONTH ESTIMATE",2005-06-13,"WEEK ESTIMATE",2008-01-12,"DAY ESTIMATE","FLY","FLY","FLIP",1983-11-01,2008-07-23,194,21.0841889117043,2.58179329226557,6,0,2024-04-03,0.531143052703628,1,0,0,2.58179329226557,"b.Calf.3mo.to.1y",0,1,0,0
"51","BLL","BALL",NA,"FOO",NA,2003-11-01,"MONTH ESTIMATE",2003-12-01,"MONTH ESTIMATE",2005-02-01,"MONTH ESTIMATE","BOUNCE","BOU","FOOTIE",1971-11-01,2016-05-01,30,32,1.17180013689254,12,1,2024-04-03,0.082135523613963,1,0,0,1.17180013689254,"a.Calf.under.3mo",1,0,0,0
"52","IGO","IGOR",NA,"FRA","A",1996-12-01,"MONTH ESTIMATE",1997-11-30,"MONTH ESTIMATE",2003-12-15,"MONTH ESTIMATE","SWAMPTHANG","SWT","FRANKENFIN",1974-11-01,2012-05-01,364,22.0835044490075,6.03969883641342,11,1,2024-04-03,0.996577686516085,1,0,0,6.03969883641342,"b.Calf.3mo.to.1y",0,1,0,0
"53","HDE","HYDE",NA,"FRA","A",2007-09-01,"MONTH ESTIMATE",2009-01-28,"MONTH ESTIMATE",NA,NA,NA,NA,"FRANKENFIN",1974-11-01,2012-05-01,515,32.8323066392882,NA,1,1,2024-04-03,1.40999315537303,0,1,0,3.25530458590007,"c.Calf.1y.to.2y",0,0,1,0
"54","FRD","FRIDA","UNKNOWN","GAB","E",2013-10-21,"DAY ESTIMATE",2014-03-14,"MONTH ESTIMATE",2015-10-25,"DAY ESTIMATE","MANU","MNU","GABRIELLA",1990-11-01,NA,144,22.9705681040383,1.61533196440794,3,0,2024-04-03,0.394250513347023,1,0,0,1.61533196440794,"b.Calf.3mo.to.1y",0,1,0,0
"55","MNU","MANU","UNKNOWN","GAB","E",2015-10-25,"DAY ESTIMATE",2016-02-02,"MONTH ESTIMATE",NA,NA,NA,NA,"GABRIELLA",1990-11-01,NA,100,24.9801505817933,NA,2,1,2024-04-03,0.27378507871321,0,0,1,8.16700889801506,"b.Calf.3mo.to.1y",0,1,0,0
"56","TUT","ARCHBISHOP DESMOND TUTU",NA,"GHA","F",2004-03-01,"WEEK ESTIMATE",2004-06-07,"MONTH ESTIMATE",NA,NA,NA,NA,"GHANDI",1971-11-01,2007-05-01,98,32.331279945243,NA,6,0,2024-04-03,0.268309377138946,0,1,0,2.89664613278576,"b.Calf.3mo.to.1y",0,1,0,0
"57","CIM","CRIMP","UNKNOWN","GMP","H",2012-11-01,"MONTH ESTIMATE",2013-03-15,"MONTH ESTIMATE",2014-01-01,"WEEK ESTIMATE","SHRIMP","SHR","GIMP",1997-11-01,NA,134,15.0006844626968,0.799452429842574,3,0,2024-04-03,0.366872005475702,1,0,0,0.799452429842574,"b.Calf.3mo.to.1y",0,1,0,0
"58","GHD","GHIRARDELLI","UNKNOWN","GOD","A",2012-11-01,"MONTH ESTIMATE",2014-01-11,"MONTH ESTIMATE",NA,NA,NA,NA,"GODIVA",1982-11-01,2019-12-15,436,30.0013689253936,NA,1,1,2024-04-03,1.1937029431896,0,1,0,5.92470910335387,"c.Calf.1y.to.2y",0,0,1,0
"59","HIP","HIPPIE",NA,"HAL","H",1992-11-15,"WEEK ESTIMATE",1993-12-09,"MONTH ESTIMATE",1995-11-01,"MONTH ESTIMATE","HALFPINT","HPT","HALFLUKE",1965-11-01,1998-05-01,389,27.0390143737166,1.89459274469541,12,1,2024-04-03,1.06502395619439,1,0,0,1.89459274469541,"c.Calf.1y.to.2y",0,0,1,0
"60","HPT","HALFPINT",NA,"HAL","H",1995-11-01,"MONTH ESTIMATE",1997-01-15,"WEEK ESTIMATE",NA,NA,NA,NA,"HALFLUKE",1965-11-01,1998-05-01,441,29.9986310746064,NA,1,1,2024-04-03,1.20739219712526,0,1,0,1.28952772073922,"c.Calf.1y.to.2y",0,0,1,0
"61","OPH","OPHELIA",NA,"HAM","A",2001-11-15,"MONTH ESTIMATE",2003-03-08,"MONTH ESTIMATE",2004-08-01,"WEEK ESTIMATE","POLONIUS","PLN","HAMLET",1990-11-27,2009-05-01,478,10.9678302532512,1.40177960301164,3,0,2024-04-03,1.30869267624914,1,0,0,1.40177960301164,"c.Calf.1y.to.2y",0,0,1,0
"62","PLN","POLONIUS",NA,"HAM","A",2004-08-01,"WEEK ESTIMATE",2005-08-17,"DAY ESTIMATE",NA,NA,NA,NA,"HAMLET",1990-11-27,2009-05-01,381,13.678302532512,NA,8,0,2024-04-03,1.04312114989733,0,1,0,3.70431211498973,"c.Calf.1y.to.2y",0,0,1,0
"63","MOL","MOLEY","FEMALE","HOH","A",1995-11-01,"MONTH ESTIMATE",1997-03-01,"WEEK ESTIMATE",NA,NA,NA,NA,"HOLEYHOLE",1965-11-01,2001-05-01,486,29.9986310746064,NA,3,0,2024-04-03,1.3305954825462,0,1,0,4.16700889801506,"c.Calf.1y.to.2y",0,0,1,0
"64","KOO","KOORDA","MALE","HOL","A",1988-12-11,"DAY ESTIMATE",1989-01-22,"DAY ESTIMATE",1990-02-01,"WEEK ESTIMATE","NEVERSEEN","NVS","HOLEYFIN",1960-11-01,1995-07-26,42,28.1095140314853,1.02669404517454,1,1,2024-04-03,0.114989733059548,1,0,0,1.02669404517454,"a.Calf.under.3mo",1,0,0,0
"65","NVS","NEVERSEEN",NA,"HOL","A",1990-02-01,"WEEK ESTIMATE",1990-02-18,"WEEK ESTIMATE",1991-09-03,"DAY ESTIMATE","NOVA","NOV","HOLEYFIN",1960-11-01,1995-07-26,17,29.2511978097194,1.53867214236824,2,1,2024-04-03,0.0465434633812457,1,0,0,1.53867214236824,"a.Calf.under.3mo",1,0,0,0
"66","NOV","NOVA","FEMALE","HOL","A",1991-09-03,"DAY ESTIMATE",1992-03-25,"DAY ESTIMATE",1993-11-27,"DAY ESTIMATE","HOBBIT","HBT","HOLEYFIN",1960-11-01,1995-07-26,204,30.8364134154689,1.67556468172485,3,0,2024-04-03,0.558521560574949,1,0,0,1.67556468172485,"b.Calf.3mo.to.1y",0,1,0,0
"67","HBT","HOBBIT","FEMALE","HOL","A",1993-11-27,"DAY ESTIMATE",1994-03-19,"DAY ESTIMATE",NA,NA,NA,NA,"HOLEYFIN",1960-11-01,1995-07-26,112,33.0704996577687,NA,3,0,2024-04-03,0.306639288158795,0,1,0,1.35249828884326,"b.Calf.3mo.to.1y",0,1,0,0
"68","HRU","HERCULES",NA,"HRA","C",2006-03-01,"MONTH ESTIMATE",2006-07-29,"WEEK ESTIMATE",2008-07-08,"WEEK ESTIMATE","HADES","HDS","HERA",1973-11-01,2017-05-01,150,32.3285420944559,1.94387405886379,7,0,2024-04-03,0.410677618069815,1,0,0,1.94387405886379,"b.Calf.3mo.to.1y",0,1,0,0
"69","HDS","HADES",NA,"HRA","C",2008-07-08,"WEEK ESTIMATE",2009-01-22,"MONTH ESTIMATE",2010-09-03,"WEEK ESTIMATE","HESTIA","HES","HERA",1973-11-01,2017-05-01,198,34.6830937713895,1.61259411362081,1,1,2024-04-03,0.542094455852156,1,0,0,1.61259411362081,"b.Calf.3mo.to.1y",0,1,0,0
"70","NHU","NIHAU",NA,"HUL","A",1992-12-01,"MONTH ESTIMATE",1993-12-15,"MONTH ESTIMATE",1999-10-01,"WEEK ESTIMATE","HOOP","HOP","HULA",1980-11-01,2008-05-01,379,12.082135523614,5.79329226557153,12,1,2024-04-03,1.03764544832307,1,0,0,5.79329226557153,"c.Calf.1y.to.2y",0,0,1,0
"71","HOP","HOOP",NA,"HUL","A",1999-10-01,"WEEK ESTIMATE",2000-02-05,"MONTH ESTIMATE",2005-11-01,"MONTH ESTIMATE","OAHU","OAH","HULA",1980-11-01,2008-05-01,127,18.9130732375086,5.73853524982888,2,1,2024-04-03,0.347707049965777,1,0,0,5.73853524982888,"b.Calf.3mo.to.1y",0,1,0,0
"72","OAH","OAHU",NA,"HUL","A",2005-11-01,"MONTH ESTIMATE",2006-07-18,"WEEK ESTIMATE",NA,NA,NA,NA,"HULA",1980-11-01,2008-05-01,259,24.9993155373032,NA,7,0,2024-04-03,0.709103353867214,0,1,0,1.78781656399726,"b.Calf.3mo.to.1y",0,1,0,0
"73","SOL","SOLONG",NA,"HYM","A",1991-03-15,"WEEK ESTIMATE",1991-05-29,"MONTH ESTIMATE",1992-12-15,"WEEK ESTIMATE","TAHTAH","TTH","HYMIE",1963-11-01,1995-05-01,75,27.3675564681725,1.54962354551677,5,0,2024-04-03,0.205338809034908,1,0,0,1.54962354551677,"a.Calf.under.3mo",1,0,0,0
"74","JWB","JAWBREAKER",NA,"JAB",NA,2003-08-01,"WEEK ESTIMATE",2004-06-03,"MONTH ESTIMATE",NA,NA,NA,NA,"JABBERJAW",1976-11-01,2008-05-01,307,26.7460643394935,NA,6,0,2024-04-03,0.840520191649555,0,1,0,3.90965092402464,"b.Calf.3mo.to.1y",0,1,0,0
"75","KOR","KORAL","UNKNOWN","JAS","A",2014-03-06,"DAY ESTIMATE",2014-10-11,"MONTH ESTIMATE",2018-01-01,"WEEK ESTIMATE","JAPONICA","JAP","JASMINE",1979-11-01,2020-05-01,219,34.3436002737851,3.22518822724162,10,1,2024-04-03,0.59958932238193,1,0,0,3.22518822724162,"b.Calf.3mo.to.1y",0,1,0,0
"76","JMU","JUMULU","UNKNOWN","JNI","C",2012-12-15,"MONTH ESTIMATE",2014-08-05,"MONTH ESTIMATE",NA,NA,NA,NA,"JUNIPER",1982-11-01,2019-05-01,598,30.1218343600274,NA,8,0,2024-04-03,1.637234770705,0,1,0,4.73648186173854,"c.Calf.1y.to.2y",0,0,1,0
"77","YIP","YIPEE",NA,"JOY","A",2006-12-26,"DAY ESTIMATE",2007-03-14,"WEEK ESTIMATE",2008-10-17,"DAY ESTIMATE","ECSTASY","ECS","JOY",1979-12-25,2011-05-01,78,27.0034223134839,1.59616700889802,3,0,2024-04-03,0.213552361396304,1,0,0,1.59616700889802,"a.Calf.under.3mo",1,0,0,0
"78","DRP","DROPLET","UNKNOWN","JUI","A",2014-12-12,"DAY ESTIMATE",2014-12-20,"DAY ESTIMATE",2015-12-10,"DAY ESTIMATE","DESICCATED","DSD","JUICY",2001-11-01,NA,8,13.1115674195756,0.971937029431896,12,1,2024-04-03,0.0219028062970568,1,0,0,0.971937029431896,"a.Calf.under.3mo",1,0,0,0
"79","DSD","DESICCATED","UNKNOWN","JUI","A",2015-12-10,"DAY ESTIMATE",2015-12-26,"WEEK ESTIMATE",2018-12-15,"WEEK ESTIMATE","JUNGLE","JGL","JUICY",2001-11-01,NA,16,14.1054072553046,2.97056810403833,12,1,2024-04-03,0.0438056125941136,1,0,0,2.97056810403833,"a.Calf.under.3mo",1,0,0,0
"80","BNO","BONO",NA,"KIT","H",2005-01-01,"MONTH ESTIMATE",2005-06-15,"WEEK ESTIMATE",2007-11-01,"MONTH ESTIMATE","OSPREY","OPY","KITE",1989-11-01,NA,165,15.1676933607118,2.3791923340178,6,0,2024-04-03,0.451745379876797,1,0,0,2.3791923340178,"b.Calf.3mo.to.1y",0,1,0,0
"81","KGB","KISSGOODBYE",NA,"KIY","E",2008-12-20,"WEEK ESTIMATE",2008-12-22,"DAY ESTIMATE",2009-12-27,"DAY ESTIMATE","KHAMUN","KHA","KIYA",1997-12-13,NA,2,11.0198494182067,1.01300479123888,12,1,2024-04-03,0.0054757015742642,1,0,0,1.01300479123888,"a.Calf.under.3mo",1,0,0,0
"82","KHA","KHAMUN","FEMALE","KIY","E",2009-12-27,"DAY ESTIMATE",2010-08-21,"DAY ESTIMATE",2012-11-06,"DAY ESTIMATE","WIRRIYA","WIY","KIYA",1997-12-13,NA,237,12.0383299110198,2.21218343600274,8,0,2024-04-03,0.648870636550308,1,0,0,2.21218343600274,"b.Calf.3mo.to.1y",0,1,0,0
"83","LOS","LOSER","UNKNOWN","LEN","A",2014-01-10,"MONTH ESTIMATE",2014-03-31,"DAY ESTIMATE",2015-12-01,"WEEK ESTIMATE","LIMA","LMA","LENTIL",2002-02-15,NA,80,11.9014373716632,1.67008898015058,3,0,2024-04-03,0.219028062970568,1,0,0,1.67008898015058,"a.Calf.under.3mo",1,0,0,0
"84","LMA","LIMA","UNKNOWN","LEN","A",2015-12-01,"WEEK ESTIMATE",2016-03-13,"DAY ESTIMATE",2020-10-30,"WEEK ESTIMATE","DAHL","DAH","LENTIL",2002-02-15,NA,103,13.7905544147844,4.63244353182752,3,0,2024-04-03,0.281998631074606,1,0,0,4.63244353182752,"b.Calf.3mo.to.1y",0,1,0,0
"85","LOL","LOLLY","FEMALE","LIC","A",1999-03-05,"DAY ESTIMATE",2000-02-02,"MONTH ESTIMATE",2002-02-15,"WEEK ESTIMATE","LENTIL","LEN","LICK",1984-11-01,NA,334,14.3381245722108,2.03696098562628,2,1,2024-04-03,0.914442162902122,1,0,0,2.03696098562628,"b.Calf.3mo.to.1y",0,1,0,0
"86","FHY","FRENCHY","MALE","LIC","A",2014-01-01,"MONTH ESTIMATE",2015-05-03,"WEEK ESTIMATE",2017-11-02,"DAY ESTIMATE","SMOOCH","SMC","LICK",1984-11-01,NA,487,29.1663244353183,2.50239561943874,5,0,2024-04-03,1.33333333333333,1,0,0,2.50239561943874,"c.Calf.1y.to.2y",0,0,1,0
"87","SMC","SMOOCH","UNKNOWN","LIC","A",2017-11-02,"DAY ESTIMATE",2017-11-19,"DAY ESTIMATE",2021-03-30,"WEEK ESTIMATE","GUSTO","GTO","LICK",1984-11-01,NA,17,33.0020533880903,3.35934291581109,11,1,2024-04-03,0.0465434633812457,1,0,0,3.35934291581109,"a.Calf.under.3mo",1,0,0,0
"88","NAN","NANO","UNKNOWN","LIT","E",2011-10-21,"DAY ESTIMATE",2012-02-24,"MONTH ESTIMATE",2023-02-01,"WEEK ESTIMATE","PICO","PCO","LITTLE",1987-11-01,NA,126,23.9698836413415,10.9377138945927,2,1,2024-04-03,0.344969199178645,1,0,0,10.9377138945927,"b.Calf.3mo.to.1y",0,1,0,0
"89","WIN","WINNIE","UNKNOWN","MIN","A",1989-11-01,"MONTH ESTIMATE",1990-07-03,"WEEK ESTIMATE",1991-09-29,"DAY ESTIMATE","MOUSE","MOU","MINI",1965-11-01,2009-05-01,244,24,1.24024640657084,7,0,2024-04-03,0.668035592060233,1,0,0,1.24024640657084,"b.Calf.3mo.to.1y",0,1,0,0
"90","MIC","MICKEY",NA,"MIN","A",2004-01-01,"MONTH ESTIMATE",2004-04-18,"WEEK ESTIMATE",NA,NA,NA,NA,"MINI",1965-11-01,2009-05-01,108,38.1656399726215,NA,4,0,2024-04-03,0.295687885010267,0,1,0,5.03490759753593,"b.Calf.3mo.to.1y",0,1,0,0
"91","MOX","MOXIE",NA,"MOO","H",2005-02-01,"MONTH ESTIMATE",2005-12-11,"MONTH ESTIMATE",NA,NA,NA,NA,"MOOPS",1972-11-01,2017-05-01,313,32.2518822724162,NA,12,1,2024-04-03,0.856947296372348,0,1,0,11.3867214236824,"b.Calf.3mo.to.1y",0,1,0,0
"92","SDF","SANDFLY","UNKNOWN","MOZ","E",2011-10-21,"DAY ESTIMATE",2012-04-02,"MONTH ESTIMATE",NA,NA,NA,NA,"MOZZIE",1977-11-01,2018-05-01,164,33.968514715948,NA,4,0,2024-04-03,0.449007529089665,0,1,0,6.07802874743327,"b.Calf.3mo.to.1y",0,1,0,0
"93","CAN","CANNIBAL",NA,"MTS","A",1999-11-15,"WEEK ESTIMATE",2000-05-01,"MONTH ESTIMATE",2001-09-10,"DAY ESTIMATE","CRICKET","CCK","MANTIS",1974-11-01,2002-05-01,168,25.0376454483231,1.36071184120465,5,0,2024-04-03,0.459958932238193,1,0,0,1.36071184120465,"b.Calf.3mo.to.1y",0,1,0,0
"94","SLU","SLURP","MALE","MUN","E",1988-10-01,"WEEK ESTIMATE",1989-08-01,"MONTH ESTIMATE",1990-10-01,"WEEK ESTIMATE","MAYHEM","MAY","MUNCH",1967-11-01,2006-09-01,304,20.9171800136893,1.16632443531828,8,0,2024-04-03,0.832306639288159,1,0,0,1.16632443531828,"b.Calf.3mo.to.1y",0,1,0,0
"95","MAY","MAYHEM",NA,"MUN","E",1990-10-01,"WEEK ESTIMATE",1991-03-26,"MONTH ESTIMATE",1992-09-15,"MONTH ESTIMATE","BARELYEXISTED","BYX","MUNCH",1967-11-01,2006-09-01,176,22.9158110882957,1.4757015742642,3,0,2024-04-03,0.48186173853525,1,0,0,1.4757015742642,"b.Calf.3mo.to.1y",0,1,0,0
"96","BYX","BARELYEXISTED",NA,"MUN","E",1992-09-15,"MONTH ESTIMATE",1992-12-04,"MONTH ESTIMATE",1995-12-01,"WEEK ESTIMATE","MAYBENOT","MBE","MUNCH",1967-11-01,2006-09-01,80,24.8733744010951,2.98973305954825,12,1,2024-04-03,0.219028062970568,1,0,0,2.98973305954825,"a.Calf.under.3mo",1,0,0,0
"97","MBE","MAYBENOT",NA,"MUN","E",1995-12-01,"WEEK ESTIMATE",1996-03-14,"MONTH ESTIMATE",1999-11-15,"MONTH ESTIMATE","ALMOSTWAS","ALW","MUNCH",1967-11-01,2006-09-01,104,28.082135523614,3.67145790554415,3,0,2024-04-03,0.284736481861739,1,0,0,3.67145790554415,"b.Calf.3mo.to.1y",0,1,0,0
"98","ALW","ALMOSTWAS",NA,"MUN","E",1999-11-15,"MONTH ESTIMATE",2000-03-15,"MONTH ESTIMATE",NA,NA,NA,NA,"MUNCH",1967-11-01,2006-09-01,121,32.0383299110199,NA,3,0,2024-04-03,0.331279945242984,0,1,0,6.46406570841889,"b.Calf.3mo.to.1y",0,1,0,0
"99","CDC","COLDCASE","UNKNOWN","MYS","A",2018-11-01,"MONTH ESTIMATE",2019-01-25,"MONTH ESTIMATE",2020-11-01,"MONTH ESTIMATE","SUSPICION","SUS","MYSTIQUE",1999-01-01,NA,85,19.8329911019849,1.76865160848734,1,1,2024-04-03,0.232717316906229,1,0,0,1.76865160848734,"a.Calf.under.3mo",1,0,0,0
"100","SWA","SWALLOW",NA,"NIB","E",1991-11-01,"MONTH ESTIMATE",1992-10-15,"MONTH ESTIMATE",1993-12-15,"MONTH ESTIMATE","NOSH","NSH","NIBBLES",1972-11-01,2009-05-01,349,18.9979466119097,1.16632443531828,10,1,2024-04-03,0.955509924709103,1,0,0,1.16632443531828,"b.Calf.3mo.to.1y",0,1,0,0
"101","NPR","NIPPER","FEMALE","NIC","A",1987-11-20,"DAY ESTIMATE",1989-02-08,"DAY ESTIMATE",1990-04-16,"DAY ESTIMATE","RABBLE","RAB","NICKY",1975-12-29,2015-07-06,446,11.8932238193018,1.18275154004107,2,1,2024-04-03,1.22108145106092,1,0,0,1.18275154004107,"c.Calf.1y.to.2y",0,0,1,0
"102","NAK","NAKITA","MALE","NIC","A",1993-12-01,"DAY ESTIMATE",1994-07-11,"DAY ESTIMATE",1995-08-23,"DAY ESTIMATE","HOLIKIN","HKI","NICKY",1975-12-29,2015-07-06,222,17.9247091033539,1.1170431211499,7,0,2024-04-03,0.607802874743327,1,0,0,1.1170431211499,"b.Calf.3mo.to.1y",0,1,0,0
"103","YUL","YULE","MALE","NIC","A",2006-12-25,"DAY ESTIMATE",2007-06-18,"DAY ESTIMATE",2008-08-27,"DAY ESTIMATE","NOEL","NOE","NICKY",1975-12-29,2015-07-06,175,30.9897330595483,1.1937029431896,6,0,2024-04-03,0.479123887748118,1,0,0,1.1937029431896,"b.Calf.3mo.to.1y",0,1,0,0
"104","NVL","NEVERLAND","UNKNOWN","NIR","A",2015-11-01,"DAY ESTIMATE",2016-05-11,"WEEK ESTIMATE",2017-12-15,"WEEK ESTIMATE","COBAIN","COB","NIRVANA",2000-11-01,NA,192,14.9979466119097,1.59616700889802,5,0,2024-04-03,0.525667351129363,1,0,0,1.59616700889802,"b.Calf.3mo.to.1y",0,1,0,0
"105","NRL","NARLY",NA,"NOO","A",2005-11-24,"WEEK ESTIMATE",2006-06-03,"DAY ESTIMATE",2007-11-20,"WEEK ESTIMATE","CAVITY","CAV","NOOK",1974-11-01,2014-05-01,191,31.0636550308008,1.46475017111567,6,0,2024-04-03,0.522929500342231,1,0,0,1.46475017111567,"b.Calf.3mo.to.1y",0,1,0,0
"106","CAV","CAVITY",NA,"NOO","A",2007-11-20,"WEEK ESTIMATE",2008-08-13,"WEEK ESTIMATE",2011-11-25,"DAY ESTIMATE","KINDLE","KDL","NOOK",1974-11-01,2014-05-01,267,33.0513347022587,3.28268309377139,8,0,2024-04-03,0.731006160164271,1,0,0,3.28268309377139,"b.Calf.3mo.to.1y",0,1,0,0
"107","KDL","KINDLE","UNKNOWN","NOO","A",2011-11-25,"DAY ESTIMATE",2013-02-01,"MONTH ESTIMATE",NA,NA,NA,NA,"NOOK",1974-11-01,2014-05-01,434,37.0650239561944,NA,2,1,2024-04-03,1.18822724161533,0,1,0,1.24298425735797,"c.Calf.1y.to.2y",0,0,1,0
"108","CTA","CALAMATA",NA,"OLI","A",2007-10-01,"MONTH ESTIMATE",2009-04-16,"MONTH ESTIMATE",2010-11-01,"MONTH ESTIMATE","BRUSCHETTA","BRS","OLIVE",1979-11-01,NA,563,27.9151266255989,1.54414784394251,4,0,2024-04-03,1.54140999315537,1,0,0,1.54414784394251,"c.Calf.1y.to.2y",0,0,1,0
"109","OBT","ORBIT",NA,"PDX",NA,1988-11-01,"MONTH ESTIMATE",1989-05-18,"WEEK ESTIMATE",NA,NA,NA,NA,"POINDEXTER",1966-11-01,1995-05-01,198,22.0013689253936,NA,5,0,2024-04-03,0.542094455852156,0,1,0,5.95208761122519,"b.Calf.3mo.to.1y",0,1,0,0
"110","ANK","ANKLET",NA,"PEG","A",2000-11-23,"DAY ESTIMATE",2001-01-11,"DAY ESTIMATE",2003-01-01,"DAY ESTIMATE","STARLET","STA","PEGLET",1989-11-01,2015-06-18,49,11.0609171800137,1.97125256673511,1,1,2024-04-03,0.134154688569473,1,0,0,1.97125256673511,"a.Calf.under.3mo",1,0,0,0
"111","HAP","HARP","UNKNOWN","PIC","E",2015-12-11,"DAY ESTIMATE",2015-12-14,"DAY ESTIMATE",2017-01-08,"DAY ESTIMATE","DIZI","DIZ","PICCOLO",1992-12-06,NA,3,23.0116358658453,1.07049965776865,12,1,2024-04-03,0.0082135523613963,1,0,0,1.07049965776865,"a.Calf.under.3mo",1,0,0,0
"112","DIZ","DIZI","UNKNOWN","PIC","E",2017-01-08,"DAY ESTIMATE",2017-03-16,"DAY ESTIMATE",2018-10-14,"DAY ESTIMATE","PANFLUTE","PNF","PICCOLO",1992-12-06,NA,67,24.0903490759754,1.57973990417522,3,0,2024-04-03,0.183436002737851,1,0,0,1.57973990417522,"a.Calf.under.3mo",1,0,0,0
"113","EXO","EXORCIST","UNKNOWN","POL","E",2012-11-01,"MONTH ESTIMATE",2014-05-09,"MONTH ESTIMATE",2015-10-21,"DAY ESTIMATE","HALLOWEEN","HLW","POLTERGEIST",1994-11-01,2019-05-01,554,18.0013689253936,1.45106091718001,5,0,2024-04-03,1.51676933607118,1,0,0,1.45106091718001,"c.Calf.1y.to.2y",0,0,1,0
"114","HLW","HALLOWEEN","UNKNOWN","POL","E",2015-10-21,"DAY ESTIMATE",2016-06-23,"WEEK ESTIMATE",NA,NA,NA,NA,"POLTERGEIST",1994-11-01,2019-05-01,246,20.9691991786448,NA,6,0,2024-04-03,0.673511293634497,0,1,0,2.85284052019165,"b.Calf.3mo.to.1y",0,1,0,0
"115","TIO","TERIOR",NA,"POS","A",2005-09-01,"MONTH ESTIMATE",2007-01-21,"MONTH ESTIMATE",2009-10-01,"MONTH ESTIMATE","SESSION","SSI","POS",1983-11-01,2017-05-01,507,21.8343600273785,2.69404517453799,1,1,2024-04-03,1.38809034907598,1,0,0,2.69404517453799,"c.Calf.1y.to.2y",0,0,1,0
"116","PDD","PUDDIN",NA,"PSU","E",1994-11-01,"MONTH ESTIMATE",1995-05-19,"MONTH ESTIMATE",1996-10-07,"DAY ESTIMATE","SYMPHONY","SYM","PSEUDOPEE",1966-11-01,2005-05-01,199,28,1.38809034907598,5,0,2024-04-03,0.544832306639288,1,0,0,1.38809034907598,"b.Calf.3mo.to.1y",0,1,0,0
"117","NNM","NONAME",NA,"PUC","E",1989-01-10,"WEEK ESTIMATE",1989-01-30,"DAY ESTIMATE",1990-03-02,"DAY ESTIMATE","PETAL","PET","PUCK",1976-12-01,2019-03-22,20,12.1095140314853,1.08418891170431,1,1,2024-04-03,0.054757015742642,1,0,0,1.08418891170431,"a.Calf.under.3mo",1,0,0,0
"118","PET","PETAL",NA,"PUC","E",1990-03-02,"DAY ESTIMATE",1990-03-07,"DAY ESTIMATE",1991-05-18,"DAY ESTIMATE","PEPE","PEP","PUCK",1976-12-01,2019-03-22,5,13.2484599589322,1.19644079397673,3,0,2024-04-03,0.0136892539356605,1,0,0,1.19644079397673,"a.Calf.under.3mo",1,0,0,0
"119","PEP","PEPE","MALE","PUC","E",1991-05-18,"DAY ESTIMATE",1991-06-28,"DAY ESTIMATE",1992-12-06,"DAY ESTIMATE","PICCOLO","PIC","PUCK",1976-12-01,2019-03-22,41,14.4585900068446,1.44284736481862,6,0,2024-04-03,0.112251882272416,1,0,0,1.44284736481862,"a.Calf.under.3mo",1,0,0,0
"120","WAD","WADA","FEMALE","PUC","E",2002-12-06,"DAY ESTIMATE",2003-03-31,"DAY ESTIMATE",2004-05-07,"DAY ESTIMATE","INDIA","INI","PUCK",1976-12-01,2019-03-22,115,26.0123203285421,1.10335386721424,3,0,2024-04-03,0.314852840520192,1,0,0,1.10335386721424,"b.Calf.3mo.to.1y",0,1,0,0
"121","ENI","ENIGMA","UNKNOWN","PZL",NA,2017-12-15,"WEEK ESTIMATE",2018-12-30,"MONTH ESTIMATE",2020-11-01,"MONTH ESTIMATE","PARADOX","PAX","PUZZLE",1997-11-01,NA,380,20.1204654346338,1.83983572895277,12,1,2024-04-03,1.0403832991102,1,0,0,1.83983572895277,"c.Calf.1y.to.2y",0,0,1,0
"122","STU","STUBBLE",NA,"RAZ",NA,1988-11-01,"MONTH ESTIMATE",1989-12-09,"MONTH ESTIMATE",NA,NA,NA,NA,"RAZOR",1959-11-01,1994-05-01,403,29.0020533880903,NA,12,1,2024-04-03,1.10335386721424,0,1,0,4.39151266255989,"c.Calf.1y.to.2y",0,0,1,0
"123","CBC","CUBIC","UNKNOWN","RHO","A",2010-12-21,"DAY ESTIMATE",2011-03-21,"WEEK ESTIMATE",2012-11-01,"WEEK ESTIMATE","DIAMOND","DIA","RHOMBUS",1997-10-08,NA,90,13.201916495551,1.61806981519507,3,0,2024-04-03,0.246406570841889,1,0,0,1.61806981519507,"a.Calf.under.3mo",1,0,0,0
"124","KIP","KIPLING",NA,"RIP","E",2005-11-01,"MONTH ESTIMATE",2006-11-11,"MONTH ESTIMATE",2009-12-01,"WEEK ESTIMATE","NEWT","NET","RIPLEY",1993-12-01,NA,375,11.917864476386,3.05544147843943,11,1,2024-04-03,1.02669404517454,1,0,0,3.05544147843943,"c.Calf.1y.to.2y",0,0,1,0
"125","LMG","LEMONGRASS",NA,"SAS","A",2007-03-09,"WEEK ESTIMATE",2008-01-20,"MONTH ESTIMATE",2009-10-26,"DAY ESTIMATE","ROOTBEER","RTB","SASSAFRAS",1995-11-01,2014-05-01,317,11.3511293634497,1.76591375770021,1,1,2024-04-03,0.867898699520876,1,0,0,1.76591375770021,"b.Calf.3mo.to.1y",0,1,0,0
"126","RTB","ROOTBEER","UNKNOWN","SAS","A",2009-10-26,"DAY ESTIMATE",2011-03-15,"MONTH ESTIMATE",2012-08-04,"WEEK ESTIMATE","CINNAMON","CNM","SASSAFRAS",1995-11-01,2014-05-01,505,13.9849418206708,1.39082819986311,3,0,2024-04-03,1.38261464750171,1,0,0,1.39082819986311,"c.Calf.1y.to.2y",0,0,1,0
"127","PRL","PEARL",NA,"SCA","E",1996-12-01,"WEEK ESTIMATE",1996-12-20,"MONTH ESTIMATE",1998-02-01,"MONTH ESTIMATE","CARPE DIEM","CRP","SCALLOP",1977-11-01,2018-05-01,19,19.0828199863107,1.1170431211499,12,1,2024-04-03,0.0520191649555099,1,0,0,1.1170431211499,"a.Calf.under.3mo",1,0,0,0
"128","KAW","KAWASAKI","UNKNOWN","SCT","C",2012-09-26,"DAY ESTIMATE",2013-02-06,"MONTH ESTIMATE",NA,NA,NA,NA,"SCOOTER",1987-11-01,NA,133,24.9034907597536,NA,2,1,2024-04-03,0.364134154688569,0,0,1,11.1540041067762,"b.Calf.3mo.to.1y",0,1,0,0
"129","TLG","TRILOGY","UNKNOWN","SEQ","C",2014-02-01,"MONTH ESTIMATE",2014-11-28,"MONTH ESTIMATE",NA,NA,NA,NA,"SEQUEL",1999-03-01,2017-05-01,300,14.9240246406571,NA,11,1,2024-04-03,0.82135523613963,0,1,0,2.42299794661191,"b.Calf.3mo.to.1y",0,1,0,0
"130","SOD","SOSAD","UNKNOWN","SHC","A",2017-04-21,"DAY ESTIMATE",2017-04-23,"DAY ESTIMATE",NA,NA,NA,NA,"SHOCK",1994-10-25,2018-07-27,2,22.4887063655031,NA,4,0,2024-04-03,0.0054757015742642,0,1,0,1.25941136208077,"a.Calf.under.3mo",1,0,0,0
"131","SOT","STOUT",NA,"SHO","E",2018-12-07,"WEEK ESTIMATE",2019-03-06,"MONTH ESTIMATE",2022-05-01,"WEEK ESTIMATE","SCREECH","SCC","SHOUT",1989-11-01,NA,89,29.09787816564,3.15400410677618,3,0,2024-04-03,0.243668720054757,1,0,0,3.15400410677618,"a.Calf.under.3mo",1,0,0,0
"132","BUF","BUFF","UNKNOWN","SKF","A",2012-12-06,"DAY ESTIMATE",2013-03-08,"WEEK ESTIMATE",2015-10-03,"DAY ESTIMATE","PUFFIN","PFF","SKRUFF",1994-11-01,NA,92,18.0971937029432,2.57084188911704,3,0,2024-04-03,0.251882272416153,1,0,0,2.57084188911704,"b.Calf.3mo.to.1y",0,1,0,0
"133","PFF","PUFFIN","UNKNOWN","SKF","A",2015-10-03,"DAY ESTIMATE",2016-03-31,"WEEK ESTIMATE",2017-10-14,"DAY ESTIMATE","FLUFFY","FFY","SKRUFF",1994-11-01,NA,180,20.9199178644764,1.53867214236824,3,0,2024-04-03,0.492813141683778,1,0,0,1.53867214236824,"b.Calf.3mo.to.1y",0,1,0,0
"134","FFY","FLUFFY","UNKNOWN","SKF","A",2017-10-14,"DAY ESTIMATE",2018-01-28,"MONTH ESTIMATE",2021-12-22,"WEEK ESTIMATE","ZUFF","ZUF","SKRUFF",1994-11-01,NA,106,22.9514031485284,3.89869952087611,1,1,2024-04-03,0.290212183436003,1,0,0,3.89869952087611,"b.Calf.3mo.to.1y",0,1,0,0
"135","VCE","VICE",NA,"SLI","A",2007-01-18,"MONTH ESTIMATE",2008-03-08,"DAY ESTIMATE",2009-08-03,"DAY ESTIMATE","PUREE","PUR","SLICE",1979-11-01,2013-11-01,415,27.2142368240931,1.40451745379877,3,0,2024-04-03,1.13620807665982,1,0,0,1.40451745379877,"c.Calf.1y.to.2y",0,0,1,0
"136","PUR","PUREE",NA,"SLI","A",2009-08-03,"DAY ESTIMATE",2009-08-04,"DAY ESTIMATE",NA,NA,NA,NA,"SLICE",1979-11-01,2013-11-01,1,29.7549623545517,NA,8,0,2024-04-03,0.0027378507871321,0,1,0,4.24366872005476,"a.Calf.under.3mo",1,0,0,0
"137","BAL","BALMY",NA,"SOG","A",2004-11-15,"DAY ESTIMATE",2004-11-29,"WEEK ESTIMATE",2006-01-15,"WEEK ESTIMATE","DAMP","DMP","SOGGY",1991-11-01,NA,14,13.0403832991102,1.12799452429843,11,1,2024-04-03,0.0383299110198494,1,0,0,1.12799452429843,"a.Calf.under.3mo",1,0,0,0
"138","DEW","DEWDROP","UNKNOWN","SOG","A",2015-11-07,"DAY ESTIMATE",2016-04-14,"DAY ESTIMATE",2017-11-19,"DAY ESTIMATE","DOUSE","DOU","SOGGY",1991-11-01,NA,159,24.0164271047228,1.59890485968515,4,0,2024-04-03,0.435318275154004,1,0,0,1.59890485968515,"b.Calf.3mo.to.1y",0,1,0,0
"139","SKD","SQUIDKID",NA,"SPO","H",2002-04-24,"WEEK ESTIMATE",2002-10-02,"MONTH ESTIMATE",NA,NA,NA,NA,"SPONGEMOM",1972-11-01,2012-05-01,161,29.4757015742642,NA,10,1,2024-04-03,0.440793976728268,0,1,0,9.57973990417522,"b.Calf.3mo.to.1y",0,1,0,0
"140","SQD","SQUIDGY","MALE","SQU","A",1995-11-23,"DAY ESTIMATE",1996-08-06,"DAY ESTIMATE",1997-10-08,"DAY ESTIMATE","RHOMBUS","RHO","SQUARE",1968-11-01,2003-05-01,257,27.0581793292266,1.17180013689254,8,0,2024-04-03,0.70362765229295,1,0,0,1.17180013689254,"b.Calf.3mo.to.1y",0,1,0,0
"141","SHD","SHADOW","MALE","SUR","A",1992-12-16,"DAY ESTIMATE",1993-03-08,"DAY ESTIMATE",1994-10-25,"DAY ESTIMATE","SHOCK","SHC","SURPRISE",1979-11-01,2019-03-25,82,13.1252566735113,1.63175906913073,3,0,2024-04-03,0.224503764544832,1,0,0,1.63175906913073,"a.Calf.under.3mo",1,0,0,0
"142","SYO","SAYONARA","UNKNOWN","SUR","A",2014-12-09,"DAY ESTIMATE",2015-01-06,"DAY ESTIMATE",NA,NA,NA,NA,"SURPRISE",1979-11-01,2019-03-25,28,35.1047227926078,NA,1,1,2024-04-03,0.0766598220396988,0,1,0,4.2135523613963,"a.Calf.under.3mo",1,0,0,0
"143","TNI","TRINITY",NA,"TAL","H",2008-02-24,"DAY ESTIMATE",2010-01-02,"MONTH ESTIMATE",2015-11-17,"DAY ESTIMATE","DAYTONA","DYT","TALLADEGA",1992-11-01,NA,678,15.3127994524298,5.87268993839836,1,1,2024-04-03,1.85626283367556,1,0,0,5.87268993839836,"c.Calf.1y.to.2y",0,0,1,0
"144","DYT","DAYTONA","UNKNOWN","TAL","H",2015-11-17,"DAY ESTIMATE",2016-03-11,"MONTH ESTIMATE",2021-11-01,"MONTH ESTIMATE","CHITTY CHITTY BANG BANG","CCB","TALLADEGA",1992-11-01,NA,115,23.0417522245038,5.64271047227926,3,0,2024-04-03,0.314852840520192,1,0,0,5.64271047227926,"b.Calf.3mo.to.1y",0,1,0,0
"145","TIT","TITTERS",NA,"TAT","E",1992-10-01,"WEEK ESTIMATE",1992-12-12,"MONTH ESTIMATE",1994-11-01,"MONTH ESTIMATE","FETUS","FET","TATTERS",1978-11-01,1994-06-04,72,13.9164955509925,1.88637919233402,12,1,2024-04-03,0.197125256673511,1,0,0,1.88637919233402,"a.Calf.under.3mo",1,0,0,0
"146","TOP","TOPLESS",NA,"TIP",NA,1992-11-01,"MONTH ESTIMATE",1994-05-26,"WEEK ESTIMATE",NA,NA,NA,NA,"TIPLESS",1980-11-01,1998-05-01,571,12,NA,5,0,2024-04-03,1.56331279945243,0,1,0,3.9315537303217,"c.Calf.1y.to.2y",0,0,1,0
"147","MOR","MORRIS","UNKNOWN","TRE","A",1988-12-20,"WEEK ESTIMATE",1990-06-03,"DAY ESTIMATE",1994-11-01,"MONTH ESTIMATE","ROOTS","ROO","TREETRUNX",1970-11-01,2003-05-01,530,18.135523613963,4.41341546885695,6,0,2024-04-03,1.45106091718001,1,0,0,4.41341546885695,"c.Calf.1y.to.2y",0,0,1,0
"148","STM","STUMPY",NA,"TRE","A",1998-11-01,"MONTH ESTIMATE",2000-03-05,"MONTH ESTIMATE",2001-05-15,"WEEK ESTIMATE","LOGGY","LOG","TREETRUNX",1970-11-01,2003-05-01,490,28,1.1937029431896,3,0,2024-04-03,1.34154688569473,1,0,0,1.1937029431896,"c.Calf.1y.to.2y",0,0,1,0
"149","DYC","DYCKY","UNKNOWN","TRY","E",2000-01-01,"WEEK ESTIMATE",2000-07-28,"MONTH ESTIMATE",2003-02-15,"MONTH ESTIMATE","BEANIE","BNI","TRYCKY",1971-11-01,2015-05-01,209,28.1670088980151,2.55167693360712,7,0,2024-04-03,0.572210814510609,1,0,0,2.55167693360712,"b.Calf.3mo.to.1y",0,1,0,0
"150","QCI","QUICKIE","UNKNOWN","TRY","E",2012-04-01,"WEEK ESTIMATE",2012-06-15,"MONTH ESTIMATE",NA,NA,NA,NA,"TRYCKY",1971-11-01,2015-05-01,75,40.4161533196441,NA,6,0,2024-04-03,0.205338809034908,0,1,0,2.87474332648871,"a.Calf.under.3mo",1,0,0,0
"151","TOD","TOODALOO",NA,"TUK","E",2006-10-29,"DAY ESTIMATE",2007-02-15,"MONTH ESTIMATE",2009-10-01,"WEEK ESTIMATE","ROLL","RLL","TUK",1984-11-01,2016-04-15,109,21.990417522245,2.62559890485969,2,1,2024-04-03,0.298425735797399,1,0,0,2.62559890485969,"b.Calf.3mo.to.1y",0,1,0,0
"152","RLL","ROLL","UNKNOWN","TUK","E",2009-10-01,"WEEK ESTIMATE",2011-02-13,"MONTH ESTIMATE",2014-03-01,"MONTH ESTIMATE","TUXEDO","TUX","TUK",1984-11-01,2016-04-15,500,24.9144421629021,3.0444900752909,2,1,2024-04-03,1.36892539356605,1,0,0,3.0444900752909,"c.Calf.1y.to.2y",0,0,1,0
"153","BNK","BANKSIA","UNKNOWN","TUL","C",2012-09-21,"WEEK ESTIMATE",2012-10-07,"WEEK ESTIMATE",2013-10-25,"DAY ESTIMATE","POPPY","PPP","TULIP",1994-11-01,NA,16,17.8891170431211,1.04859685147159,10,1,2024-04-03,0.0438056125941136,1,0,0,1.04859685147159,"a.Calf.under.3mo",1,0,0,0
"154","RAI","RAISIN",NA,"TWO","D",1999-02-01,"MONTH ESTIMATE",1999-06-27,"DAY ESTIMATE",NA,NA,NA,NA,"TWOSCOOPS",1964-11-01,2002-05-01,146,34.2505133470226,NA,6,0,2024-04-03,0.399726214921287,0,1,0,2.84462696783025,"b.Calf.3mo.to.1y",0,1,0,0
"155","WYA","WYATT",NA,"URP","D",2003-10-15,"WEEK ESTIMATE",2005-08-13,"MONTH ESTIMATE",NA,NA,NA,NA,"URP",1973-11-01,2012-05-01,668,29.9520876112252,NA,8,0,2024-04-03,1.82888432580424,0,1,0,6.71594798083504,"c.Calf.1y.to.2y",0,0,1,0
"156","RNV","RENOVATE","UNKNOWN","VAM","G",2003-11-01,"MONTH ESTIMATE",2005-02-13,"MONTH ESTIMATE",2006-01-01,"MONTH ESTIMATE","REVIVE","RVV","REVAMP",1982-11-01,2010-05-01,470,20.9993155373032,0.881587953456537,2,1,2024-04-03,1.28678986995209,1,0,0,0.881587953456537,"c.Calf.1y.to.2y",0,0,1,0
"157","TOH","TOOHEYS","UNKNOWN","VBE","D",2015-11-05,"DAY ESTIMATE",2017-04-13,"MONTH ESTIMATE",2018-11-15,"WEEK ESTIMATE","ELSIE","ESI","VEEBIE",1997-11-01,NA,525,18.009582477755,1.59069130732375,4,0,2024-04-03,1.43737166324435,1,0,0,1.59069130732375,"c.Calf.1y.to.2y",0,0,1,0
"158","ESI","ELSIE",NA,"VBE","D",2018-11-15,"WEEK ESTIMATE",2019-03-15,"MONTH ESTIMATE",2020-10-15,"WEEK ESTIMATE","MATSO","MTO","VEEBIE",1997-11-01,NA,120,21.0376454483231,1.58795345653662,3,0,2024-04-03,0.328542094455852,1,0,0,1.58795345653662,"b.Calf.3mo.to.1y",0,1,0,0
"159","VIC","VICTORIA",NA,"VEC",NA,2001-09-01,"WEEK ESTIMATE",2002-02-08,"MONTH ESTIMATE",2003-09-15,"WEEK ESTIMATE","SOHCAHTOA","SOH","VECTOR",1977-11-01,2016-05-01,160,23.8329911019849,1.59890485968515,2,1,2024-04-03,0.438056125941136,1,0,0,1.59890485968515,"b.Calf.3mo.to.1y",0,1,0,0
"160","SOH","SOHCAHTOA",NA,"VEC",NA,2003-09-15,"WEEK ESTIMATE",2004-06-16,"MONTH ESTIMATE",NA,NA,NA,NA,"VECTOR",1977-11-01,2016-05-01,275,25.8699520876112,NA,6,0,2024-04-03,0.752908966461328,0,1,0,11.8740588637919,"b.Calf.3mo.to.1y",0,1,0,0
"161","WBB","WOBBLE",NA,"WAN","D",2001-11-15,"MONTH ESTIMATE",2002-05-30,"MONTH ESTIMATE",2004-10-13,"DAY ESTIMATE","WHIPPLE","WHP","WANDA",1979-11-01,2013-10-13,196,22.0396988364134,2.37371663244353,5,0,2024-04-03,0.536618754277892,1,0,0,2.37371663244353,"b.Calf.3mo.to.1y",0,1,0,0
"162","WDR","WONDER",NA,"WOF","A",2019-02-06,"DAY ESTIMATE",2019-04-09,"DAY ESTIMATE",2020-12-15,"WEEK ESTIMATE","WAGS","WAG","WOOF",1998-10-19,2022-08-28,62,20.3011635865845,1.68651608487337,4,0,2024-04-03,0.16974674880219,1,0,0,1.68651608487337,"a.Calf.under.3mo",1,0,0,0
"163","DPT","DIPROTODON",NA,"WOM","A",1999-11-01,"MONTH ESTIMATE",2000-12-19,"MONTH ESTIMATE",2003-05-01,"MONTH ESTIMATE","BOODIE","BDI","WOMBAT",1988-11-01,2009-05-01,414,10.9979466119097,2.362765229295,12,1,2024-04-03,1.13347022587269,1,0,0,2.362765229295,"c.Calf.1y.to.2y",0,0,1,0
"164","BDI","BOODIE",NA,"WOM","A",2003-05-01,"MONTH ESTIMATE",2005-03-10,"MONTH ESTIMATE",NA,NA,NA,NA,"WOMBAT",1988-11-01,2009-05-01,679,14.4941820670773,NA,3,0,2024-04-03,1.8590006844627,0,1,0,4.14236824093087,"c.Calf.1y.to.2y",0,0,1,0
"165","SLL","SILLY",NA,"WYL","E",1993-11-01,"MONTH ESTIMATE",1994-06-16,"WEEK ESTIMATE",1995-11-01,"MONTH ESTIMATE","FRILLY","FRL","WYLLY",1978-11-01,2011-05-01,227,15.0006844626968,1.37713894592745,6,0,2024-04-03,0.621492128678987,1,0,0,1.37713894592745,"b.Calf.3mo.to.1y",0,1,0,0
"166","YOD","YODA","FEMALE","YAN","E",1991-01-01,"WEEK ESTIMATE",1991-09-30,"DAY ESTIMATE",NA,NA,NA,NA,"YAN",1972-11-01,1998-05-01,272,18.1656399726215,NA,9,1,2024-04-03,0.744695414099932,0,1,0,6.5845311430527,"b.Calf.3mo.to.1y",0,1,0,0
